Rank,Year,Title,Genre,Year_Rank,Note,,,,,,,,,,,,,,,,,,,,
1,2020,Too Much and Never Enough: How My Family…,Biographies&Memoirs,2020_01,,,,,,,,,,,,,,,,,,,,,
2,2020,Where the Crawdads Sing,Literature&Fiction,2020_02,,,,,,,,,,,,,,,,,,,,,
3,2020,My First Learn to Write Workbook: Practice for…,Children'sBooks,2020_03,,,,,,,,,,,,,,,,,,,,,
4,2020,Midnight Sun,Teen&Youngadult,2020_04,,,,,,,,,,,,,,,,,,,,,
5,2020,Untamed,Business&SelfHelp,2020_05,,,,,,,,,,,,,,,,,,,,,
6,2020,The Room Where It Happened: A White House…,Politics&SocialSciences,2020_06,,,,,,,,,,,,,,,,,,,,,
7,2020,White Fragility: Why It's So Hard for White…,Politics&SocialSciences,2020_07,,,,,,,,,,,,,,,,,,,,,
8,2020,School Zone - Big Preschool Workbook - Ages 4…,Children'sBooks,2020_08,,,,,,,,,,,,,,,,,,,,,
9,2020,If Animals Kissed Good Night,Children'sBooks,2020_09,,,,,,,,,,,,,,,,,,,,,
10,2020,The Ballad of Songbirds and Snakes (A Hunger…,Teen&Youngadult,2020_10,,,,,,,,,,,,,,,,,,,,,
11,2020,How to Be an Antiracist,Politics&SocialSciences,2020_11,,,,,,,,,,,,,,,,,,,,,
12,2020,The Very Hungry Caterpillar,Children'sBooks,2020_12,,,,,,,,,,,,,,,,,,,,,
13,2020,Rage,Politics&SocialSciences,2020_13,,,,,,,,,,,,,,,,,,,,,
14,2020,Little Fires Everywhere,Literature&Fiction,2020_14,,,,,,,,,,,,,,,,,,,,,
15,2020,Dog Man: Grime and Punishment: From the…,Children'sBooks,2020_15,,,,,,,,,,,,,,,,,,,,,
16,2020,The Four Agreements: A Practical Guide to…,Religion&Spirituality,2020_16,,,,,,,,,,,,,,,,,,,,,
17,2020,Becoming,Biographies&Memoirs,2020_17,,,,,,,,,,,,,,,,,,,,,
18,2020,American Dirt (Oprah's Book Club),Literature&Fiction,2020_18,,,,,,,,,,,,,,,,,,,,,
19,2020,Giraffes Can't Dance,Children'sBooks,2020_19,,,,,,,,,,,,,,,,,,,,,
20,2020,Magnolia Table Volume 2: A Collection of…,"Cookbooks,Food&Wine",2020_20,,,,,,,,,,,,,,,,,,,,,
21,2020,Live Free Or Die: America (and the World) on the…,Politics&SocialSciences,2020_21,,,,,,,,,,,,,,,,,,,,,
22,2020,The Splendid and the Vile: A Saga of Churchill…,Biographies&Memoirs,2020_22,,,,,,,,,,,,,,,,,,,,,
23,2020,The 5 Love Languages: The Secret to Love that…,Religion&Spirituality,2020_23,,,,,,,,,,,,,,,,,,,,,
24,2020,Brown Bear Brown Bear What Do You See?,Children'sBooks,2020_24,,,,,,,,,,,,,,,,,,,,,
25,2020,The Body Keeps the Score: Brain Mind and Body…,MedicalBooks,2020_25,,,,,,,,,,,,,,,,,,,,,
26,2020,How to Catch a Mermaid,Children'sBooks,2020_26,,,,,,,,,,,,,,,,,,,,,
27,2020,The Silent Patient,Literature&Fiction,2020_27,,,,,,,,,,,,,,,,,,,,,
28,2020,Caste (Oprah's Book Club): The Origins of Our…,Politics&SocialSciences,2020_28,,,,,,,,,,,,,,,,,,,,,
29,2020,Atomic Habits: An Easy & Proven Way to Build…,Business&SelfHelp,2020_29,,,,,,,,,,,,,,,,,,,,,
30,2020,I Am Confident Brave & Beautiful: A Coloring…,Children'sBooks,2020_30,,,,,,,,,,,,,,,,,,,,,
31,2020,Human Body Activity Book for Kids: Hands-On…,Children'sBooks,2020_31,,,,,,,,,,,,,,,,,,,,,
32,2020,Get Out of Your Head: Stopping the Spiral of…,Religion&Spirituality,2020_32,,,,,,,,,,,,,,,,,,,,,
33,2020,The Big Book of Silly Jokes for Kids: 800+ Jokes!,Children'sBooks,2020_33,,,,,,,,,,,,,,,,,,,,,
34,2020,Burn After Writing,Business&SelfHelp,2020_34,,,,,,,,,,,,,,,,,,,,,
35,2020,The Boy the Mole the Fox and the Horse,Business&SelfHelp,2020_35,,,,,,,,,,,,,,,,,,,,,
36,2020,Paint by Sticker Kids: Unicorns & Magic: Create…,Children'sBooks,2020_36,,,,,,,,,,,,,,,,,,,,,
37,2020,I Love You to the Moon and Back,Children'sBooks,2020_37,,,,,,,,,,,,,,,,,,,,,
38,2020,Just Mercy: A Story of Justice and Redemption,Politics&SocialSciences,2020_38,,,,,,,,,,,,,,,,,,,,,
39,2020,Chicka Chicka Boom Boom (Board Book),Children'sBooks,2020_39,,,,,,,,,,,,,,,,,,,,,
40,2020,Educated: A Memoir,Biographies&Memoirs,2020_40,,,,,,,,,,,,,,,,,,,,,
41,2020,How to Catch a Unicorn,Children'sBooks,2020_41,,,,,,,,,,,,,,,,,,,,,
42,2020,Rich Dad Poor Dad: What the Rich Teach Their…,Business&SelfHelp,2020_42,,,,,,,,,,,,,,,,,,,,,
43,2020,Disloyal: A Memoir: The True Story of the Former…,Politics&SocialSciences,2020_43,,,,,,,,,,,,,,,,,,,,,
44,2020,Publication Manual of the American…,Reference,2020_44,,,,,,,,,,,,,,,,,,,,,
45,2020,The Wonky Donkey,Children'sBooks,2020_45,,,,,,,,,,,,,,,,,,,,,
46,2020,Prayer Journal for Women: 52 Week Scripture…,Religion&Spirituality,2020_46,,,,,,,,,,,,,,,,,,,,,
47,2020,Goodnight Moon,Children'sBooks,2020_47,,,,,,,,,,,,,,,,,,,,,
48,2020,Then She Was Gone,Literature&Fiction,2020_48,,,,,,,,,,,,,,,,,,,,,
49,2020,I've Loved You Since Forever,Children'sBooks,2020_49,,,,,,,,,,,,,,,,,,,,,
50,2020,So You Want to Talk About Race,Business&SelfHelp,2020_50,,,,,,,,,,,,,,,,,,,,,
51,2020,What Should Danny Do? (The Power to Choose…,Children'sBooks,2020_51,,,,,,,,,,,,,,,,,,,,,
52,2020,The Vanishing Half,Literature&Fiction,2020_52,,,,,,,,,,,,,,,,,,,,,
53,2020,My First Toddler Coloring Book: Fun with…,Children'sBooks,2020_53,,,,,,,,,,,,,,,,,,,,,
54,2020,1984 (Signet Classics),Politics&SocialSciences,2020_54,,,,,,,,,,,,,,,,,,,,,
55,2020,Stamped from the Beginning: The Definitive…,History,2020_55,,,,,,,,,,,,,,,,,,,,,
56,2020,To Kill a Mockingbird,Teen&Youngadult,2020_56,,,,,,,,,,,,,,,,,,,,,
57,2020,Preschool Math Workbook for Toddlers Ages 2-4:…,Children'sBooks,2020_57,,,,,,,,,,,,,,,,,,,,,
58,2020,The Mamba Mentality: How I Play,Biographies&Memoirs,2020_58,,,,,,,,,,,,,,,,,,,,,
59,2020,School Zone - Multiplication 0-12 Flash Cards…,Children'sBooks,2020_59,,,,,,,,,,,,,,,,,,,,,
60,2020,The Alchemist 25th Anniversary: A Fable About…,Religion&Spirituality,2020_60,,,,,,,,,,,,,,,,,,,,,
61,2020,Relationship Goals: How to Win at Dating…,Religion&Spirituality,2020_61,,,,,,,,,,,,,,,,,,,,,
62,2020,Oh the Places You'll Go!  ,Children'sBooks,2020_62,,,,,,,,,,,,,,,,,,,,,
63,2020,Awesome Science Experiments for Kids: 100+…,Children'sBooks,2020_63,,,,,,,,,,,,,,,,,,,,,
64,2020,The Color of Law: A Forgotten History of How…,Politics&SocialSciences,2020_64,,,,,,,,,,,,,,,,,,,,,
65,2020,Paint by Sticker Kids: Zoo Animals: Create 10…,Children'sBooks,2020_65,,,,,,,,,,,,,,,,,,,,,
66,2020,Carson Dellosa | First Words Flash Cards |…,Children'sBooks,2020_66,,,,,,,,,,,,,,,,,,,,,
67,2020,Learn to Read: A Magical Sight Words and…,Children'sBooks,2020_67,,,,,,,,,,,,,,,,,,,,,
68,2020,First Little Readers Parent Pack: Guided Reading…,Children'sBooks,2020_68,,,,,,,,,,,,,,,,,,,,,
69,2020,Llama Llama Loves Camping,Children'sBooks,2020_69,,,,,,,,,,,,,,,,,,,,,
70,2020,The Pout-Pout Fish,Children'sBooks,2020_70,,,,,,,,,,,,,,,,,,,,,
71,2020,Man's Search for Meaning,Religion&Spirituality,2020_71,,,,,,,,,,,,,,,,,,,,,
72,2020,The Wonderful Things You Will Be,Children'sBooks,2020_72,,,,,,,,,,,,,,,,,,,,,
73,2020,Dog Man: Fetch-22: From the Creator of Captain…,Children'sBooks,2020_73,,,,,,,,,,,,,,,,,,,,,
74,2020,Where's Spot?,Children'sBooks,2020_74,,,,,,,,,,,,,,,,,,,,,
75,2020,Love You Forever,Children'sBooks,2020_75,,,,,,,,,,,,,,,,,,,,,
76,2020,P is for Potty! (Sesame Street) (Lift-the-Flap),Children'sBooks,2020_76,,,,,,,,,,,,,,,,,,,,,
77,2020,The Gifts of Imperfection: Let Go of Who You…,Religion&Spirituality,2020_77,,,,,,,,,,,,,,,,,,,,,
78,2020,Normal People,Literature&Fiction,2020_78,,,,,,,,,,,,,,,,,,,,,
79,2020,The Outsiders,Teen&Youngadult,2020_79,,,,,,,,,,,,,,,,,,,,,
80,2020,Magnolia Table: A Collection of Recipes for…,"Cookbooks,Food&Wine",2020_80,,,,,,,,,,,,,,,,,,,,,
81,2020,The Subtle Art of Not Giving a F*ck: A…,Business&SelfHelp,2020_81,,,,,,,,,,,,,,,,,,,,,
82,2020,The Giver of Stars,Literature&Fiction,2020_82,,,,,,,,,,,,,,,,,,,,,
83,2020,Medical Medium Cleanse to Heal: Healing Plans…,HealthFitness&Dieting,2020_83,,,,,,,,,,,,,,,,,,,,,
84,2020,Kindergarten Math Workbook: Kindergarten and…,Children'sBooks,2020_84,,,,,,,,,,,,,,,,,,,,,
85,2020,Zen as F*ck (Zen as F*ck Journals),Business&SelfHelp,2020_85,,,,,,,,,,,,,,,,,,,,,
86,2020,The Intelligent Investor: The Definitive Book on…,Business&SelfHelp,2020_86,,,,,,,,,,,,,,,,,,,,,
87,2020,Blackout: How Black America Can Make Its…,Politics&SocialSciences,2020_87,,,,,,,,,,,,,,,,,,,,,
88,2020,God Gave Us You,Religion&Spirituality,2020_88,,,,,,,,,,,,,,,,,,,,,
89,2020,Modern Comfort Food: A Barefoot Contessa…,"Cookbooks,Food&Wine",2020_89,,,,,,,,,,,,,,,,,,,,,
90,2020,The Deep End (Diary of a Wimpy Kid Book 15),Children'sBooks,2020_90,변경/순위불확실,,,,,,,,,,,,,,,,,,,,
91,2020,Greenlights,Biographies&Memoirs,2020_91,변경/순위불확실,,,,,,,,,,,,,,,,,,,,
92,2020,A Promised Land,Biographies&Memoirs,2020_92,변경/순위불확실,,,,,,,,,,,,,,,,,,,,
93,2020,There's No Place Like Space: All About Our Solar…,Children'sBooks,2020_93,,,,,,,,,,,,,,,,,,,,,
94,2020,Between the World and Me,Politics&SocialSciences,2020_94,,,,,,,,,,,,,,,,,,,,,
95,2020,The Giving Tree,Literature&Fiction,2020_95,,,,,,,,,,,,,,,,,,,,,
96,2020,Fahrenheit 451,Politics&SocialSciences,2020_96,,,,,,,,,,,,,,,,,,,,,
97,2020,The Care and Keeping of You: The Body Book for…,Children'sBooks,2020_97,,,,,,,,,,,,,,,,,,,,,
98,2020,Room on the Broom,Children'sBooks,2020_98,변경/순위불확실,,,,,,,,,,,,,,,,,,,,
99,2020,Where the Wild Things Are,Children'sBooks,2020_99,변경/순위불확실,,,,,,,,,,,,,,,,,,,,
100,2020,The One and Only Ivan,Children'sBooks,2020_100,변경/순위불확실,,,,,,,,,,,,,,,,,,,,
101,2019,Where the Crawdads Sing,Literature&Fiction,2019_01,,,,,,,,,,,,,,,,,,,,,
102,2019,Becoming,Biographies&Memoirs,2019_02,,,,,,,,,,,,,,,,,,,,,
103,2019,Educated: A Memoir,Biographies&Memoirs,2019_03,,,,,,,,,,,,,,,,,,,,,
104,2019,Dog Man: For Whom the Ball Rolls: From the…,Children'sBooks,2019_04,,,,,,,,,,,,,,,,,,,,,
105,2019,"Girl, Wash Your Face: Stop Believing the Lies…",Business&SelfHelp,2019_05,,,,,,,,,,,,,,,,,,,,,
106,2019,Dog Man: Fetch-22: From the Creator of Captain…,Children'sBooks,2019_06,,,,,,,,,,,,,,,,,,,,,
107,2019,Wrecking Ball (Diary of a Wimpy Kid Book 14),Children'sBooks,2019_07,,,,,,,,,,,,,,,,,,,,,
108,2019,The Wonderful Things You Will Be,Children'sBooks,2019_08,,,,,,,,,,,,,,,,,,,,,
109,2019,School Zone - Big Preschool Workbook - Ages 4…,Children'sBooks,2019_09,,,,,,,,,,,,,,,,,,,,,
110,2019,The 5 Love Languages: The Secret to Love that…,Religion&Spirituality,2019_10,,,,,,,,,,,,,,,,,,,,,
111,2019,"Girl, Stop Apologizing: A Shame-Free Plan for…",Business&SelfHelp,2019_11,,,,,,,,,,,,,,,,,,,,,
112,2019,The Wonky Donkey,Children'sBooks,2019_12,,,,,,,,,,,,,,,,,,,,,
113,2019,The Subtle Art of Not Giving a F*ck: A…,Business&SelfHelp,2019_13,,,,,,,,,,,,,,,,,,,,,
114,2019,Difficult Riddles For Smart Kids: 300 Difficult…,Children'sBooks,2019_14,,,,,,,,,,,,,,,,,,,,,
115,2019,"Salt, Fat, Acid, Heat: Mastering the Elements of…","Cookbooks,Food&Wine",2019_15,,,,,,,,,,,,,,,,,,,,,
116,2019,The Very Hungry Caterpillar,Children'sBooks,2019_16,,,,,,,,,,,,,,,,,,,,,
117,2019,What Should Danny Do? (The Power to Choose…,Children'sBooks,2019_17,,,,,,,,,,,,,,,,,,,,,
118,2019,It's Not Supposed to Be This Way: Finding…,Religion&Spirituality,2019_18,,,,,,,,,,,,,,,,,,,,,
119,2019,"I Am Confident, Brave & Beautiful: A Coloring…",Children'sBooks,2019_19,,,,,,,,,,,,,,,,,,,,,
120,2019,The Four Agreements: A Practical Guide to…,Religion&Spirituality,2019_20,,,,,,,,,,,,,,,,,,,,,
121,2019,Unfreedom of the Press,Politics&SocialSciences,2019_21,,,,,,,,,,,,,,,,,,,,,
122,2019,Dog Man: Brawl of the Wild: From the Creator of…,Children'sBooks,2019_22,,,,,,,,,,,,,,,,,,,,,
123,2019,Giraffes Can't Dance,Children'sBooks,2019_23,,,,,,,,,,,,,,,,,,,,,
124,2019,If Animals Kissed Good Night,Children'sBooks,2019_24,,,,,,,,,,,,,,,,,,,,,
125,2019,"Oh, the Places You'll Go!  ",Children'sBooks,2019_25,,,,,,,,,,,,,,,,,,,,,
126,2019,Howard Stern Comes Again,Biographies&Memoirs,2019_26,,,,,,,,,,,,,,,,,,,,,
127,2019,Guts,Children'sBooks,2019_27,,,,,,,,,,,,,,,,,,,,,
128,2019,The Life-Changing Magic of Tidying Up: The…,CraftsHobbies&Home,2019_28,,,,,,,,,,,,,,,,,,,,,
129,2019,Harry Potter and the Goblet of Fire: The…,Teen&Youngadult,2019_29,,,,,,,,,,,,,,,,,,,,,
130,2019,National Geographic Little Kids First Big Book of…,Children'sBooks,2019_30,,,,,,,,,,,,,,,,,,,,,
131,2019,Instant Pot Pressure Cooker Cookbook: 500…,"Cookbooks,Food&Wine",2019_31,,,,,,,,,,,,,,,,,,,,,
132,2019,"The Body Keeps the Score: Brain, Mind, and Body…",MedicalBooks,2019_32,,,,,,,,,,,,,,,,,,,,,
133,2019,Good Days Start With Gratitude: A 52 Week…,Business&SelfHelp,2019_33,,,,,,,,,,,,,,,,,,,,,
134,2019,Goodnight Moon,Children'sBooks,2019_34,,,,,,,,,,,,,,,,,,,,,
135,2019,The Complete Ketogenic Diet for Beginners: Your…,"Cookbooks,Food&Wine",2019_35,,,,,,,,,,,,,,,,,,,,,
136,2019,Unicorn Coloring Book: For Kids Ages 4-8 (US…,Children'sBooks,2019_36,,,,,,,,,,,,,,,,,,,,,
137,2019,Strange Planet (Strange Planet Series),Literature&Fiction,2019_37,,,,,,,,,,,,,,,,,,,,,
138,2019,Player's Handbook (Dungeons & Dragons),Literature&Fiction,2019_38,,,,,,,,,,,,,,,,,,,,,
139,2019,The Silent Patient,Literature&Fiction,2019_39,,,,,,,,,,,,,,,,,,,,,
140,2019,"5,000 Awesome Facts (About Everything!)…",Children'sBooks,2019_40,,,,,,,,,,,,,,,,,,,,,
141,2019,To Kill a Mockingbird,Teen&Youngadult,2019_41,,,,,,,,,,,,,,,,,,,,,
142,2019,You Are a Badass: How to Stop Doubting Your…,Business&SelfHelp,2019_42,,,,,,,,,,,,,,,,,,,,,
143,2019,"National Geographic Kids Why?: Over 1,111…",Children'sBooks,2019_43,,,,,,,,,,,,,,,,,,,,,
144,2019,Can't Hurt Me: Master Your Mind and Defy the…,Religion&Spirituality,2019_44,,,,,,,,,,,,,,,,,,,,,
145,2019,The Guardians,Literature&Fiction,2019_45,,,,,,,,,,,,,,,,,,,,,
146,2019,P is for Potty! (Sesame Street) (Lift-the-Flap),Children'sBooks,2019_46,,,,,,,,,,,,,,,,,,,,,
147,2019,The Total Money Makeover: Classic Edition: A…,Business&SelfHelp,2019_47,,,,,,,,,,,,,,,,,,,,,
148,2019,"Brown Bear, Brown Bear, What Do You See?",Children'sBooks,2019_48,,,,,,,,,,,,,,,,,,,,,
149,2019,The Unofficial Harry Potter Cookbook: From…,"Cookbooks,Food&Wine",2019_49,,,,,,,,,,,,,,,,,,,,,
150,2019,The Mueller Report,Politics&SocialSciences,2019_50,,,,,,,,,,,,,,,,,,,,,
151,2019,Zen as F*ck (Zen as F*ck Journals),Business&SelfHelp,2019_51,,,,,,,,,,,,,,,,,,,,,
152,2019,Rich Dad Poor Dad: What the Rich Teach Their…,Business&SelfHelp,2019_52,,,,,,,,,,,,,,,,,,,,,
153,2019,The Institute,Literature&Fiction,2019_53,,,,,,,,,,,,,,,,,,,,,
154,2019,The Testaments: The Sequel to The Handmaid's…,Literature&Fiction,2019_54,,,,,,,,,,,,,,,,,,,,,
155,2019,Super Deluxe Essential Handbook (Pokémon):…,Children'sBooks,2019_55,,,,,,,,,,,,,,,,,,,,,
156,2019,Lettering and Modern Calligraphy: A Beginner's…,Business&SelfHelp,2019_56,,,,,,,,,,,,,,,,,,,,,
157,2019,Carson Dellosa | First Words Flash Cards |…,Children'sBooks,2019_57,,,,,,,,,,,,,,,,,,,,,
158,2019,Atomic Habits: An Easy & Proven Way to Build…,Business&SelfHelp,2019_58,,,,,,,,,,,,,,,,,,,,,
159,2019,Make Your Bed: Little Things That Can Change…,Business&SelfHelp,2019_59,,,,,,,,,,,,,,,,,,,,,
160,2019,The Gifts of Imperfection: Let Go of Who You…,Religion&Spirituality,2019_60,,,,,,,,,,,,,,,,,,,,,
161,2019,Sapiens: A Brief History of Humankind,Politics&SocialSciences,2019_61,,,,,,,,,,,,,,,,,,,,,
162,2019,What to Expect When You're Expecting,Parenting&Relationships,2019_62,,,,,,,,,,,,,,,,,,,,,
163,2019,Where the Crawdads Sing,Literature&Fiction,2019_63,,,,,,,,,,,,,,,,,,,,,
164,2019,Daring Greatly: How the Courage to Be…,Business&SelfHelp,2019_64,,,,,,,,,,,,,,,,,,,,,
165,2019,"The Alchemist, 25th Anniversary: A Fable About…",Religion&Spirituality,2019_65,,,,,,,,,,,,,,,,,,,,,
166,2019,Publication Manual of the American…,Reference,2019_66,,,,,,,,,,,,,,,,,,,,,
167,2019,The Pout-Pout Fish,Children'sBooks,2019_67,,,,,,,,,,,,,,,,,,,,,
168,2019,Talking to Strangers: What We Should Know…,Politics&SocialSciences,2019_68,,,,,,,,,,,,,,,,,,,,,
169,2019,Dear Zoo: A Lift-the-Flap Book,Children'sBooks,2019_69,,,,,,,,,,,,,,,,,,,,,
170,2019,The Overstory,Literature&Fiction,2019_70,,,,,,,,,,,,,,,,,,,,,
171,2019,Fahrenheit 451,Politics&SocialSciences,2019_71,,,,,,,,,,,,,,,,,,,,,
172,2019,StrengthsFinder 2.0,Business&SelfHelp,2019_72,,,,,,,,,,,,,,,,,,,,,
173,2019,12 Rules for Life: An Antidote to Chaos,Politics&SocialSciences,2019_73,,,,,,,,,,,,,,,,,,,,,
174,2019,Eleanor Oliphant Is Completely Fine,Literature&Fiction,2019_74,,,,,,,,,,,,,,,,,,,,,
175,2019,Me: Elton John Official Autobiography,Biographies&Memoirs,2019_75,,,,,,,,,,,,,,,,,,,,,
176,2019,The Road Back to You: An Enneagram Journey to…,Religion&Spirituality,2019_76,,,,,,,,,,,,,,,,,,,,,
177,2019,The Tattooist of Auschwitz,Literature&Fiction,2019_77,,,,,,,,,,,,,,,,,,,,,
178,2019,People of Walmart.com Adult Coloring Book:…,Business&SelfHelp(CCD),2019_78,,,,,,,,,,,,,,,,,,,,,
179,2019,The Great Gatsby,Literature&Fiction,2019_79,,,,,,,,,,,,,,,,,,,,,
180,2019,The Complete Cookbook for Young Chefs: 100+…,"Cookbooks,Food&Wine",2019_80,,,,,,,,,,,,,,,,,,,,,
181,2019,"Blowout: Corrupted Democracy, Rogue State…",Politics&SocialSciences,2019_81,,,,,,,,,,,,,,,,,,,,,
182,2019,Love You Forever,Children'sBooks,2019_82,,,,,,,,,,,,,,,,,,,,,
183,2019,The Easy 5-Ingredient Ketogenic Diet Cookbook:…,"Cookbooks,Food&Wine",2019_83,,,,,,,,,,,,,,,,,,,,,
184,2019,The Giving Tree,Literature&Fiction,2019_84,,,,,,,,,,,,,,,,,,,,,
185,2019,Dragons Love Tacos,Children'sBooks,2019_85,,,,,,,,,,,,,,,,,,,,,
186,2019,How to Win Friends & Influence People,Business&SelfHelp,2019_86,,,,,,,,,,,,,,,,,,,,,
187,2019,Magnolia Table: A Collection of Recipes for…,"Cookbooks,Food&Wine",2019_87,,,,,,,,,,,,,,,,,,,,,
188,2019,The Obesity Code: Unlocking the Secrets of…,HealthFitness&Dieting,2019_88,,,,,,,,,,,,,,,,,,,,,
189,2019,"Magic Tree House Boxed Set, Books 1-4:…",Children'sBooks,2019_89,,,,,,,,,,,,,,,,,,,,,
190,2019,Then She Was Gone,Literature&Fiction,2019_90,,,,,,,,,,,,,,,,,,,,,
191,2019,The Pioneers: The Heroic Story of the Settlers…,History,2019_91,,,,,,,,,,,,,,,,,,,,,
192,2019,Wacky Waving Inflatable Tube Guy (RP Minis),N/A,2019_92,NonBook,,,,,,,,,,,,,,,,,,,,
193,2019,Medical Medium Liver Rescue: Answers to…,HealthFitness&Dieting,2019_93,,,,,,,,,,,,,,,,,,,,,
194,2019,The Care and Keeping of You: The Body Book for…,Children'sBooks,2019_94,,,,,,,,,,,,,,,,,,,,,
195,2019,There's No Place Like Space: All About Our Solar…,Children'sBooks,2019_95,,,,,,,,,,,,,,,,,,,,,
196,2019,How to Draw 101 Animals,Children'sBooks,2019_96,,,,,,,,,,,,,,,,,,,,,
197,2019,Unicorn Activity Book for Kids Ages 4-8: A Fun…,Children'sBooks,2019_97,,,,,,,,,,,,,,,,,,,,,
198,2019,Simply Keto: A Practical Approach to Health &…,"Cookbooks,Food&Wine",2019_98,,,,,,,,,,,,,,,,,,,,,
199,2019,The Outsiders,Teen&Youngadult,2019_99,,,,,,,,,,,,,,,,,,,,,
200,2019,The Try Not to Laugh Challenge - Would Your…,Children'sBooks,2019_100,,,,,,,,,,,,,,,,,,,,,
201,2018,Becoming,Biographies&Memoirs,2018_01,,,,,,,,,,,,,,,,,,,,,
202,2018,"Girl, Wash Your Face: Stop Believing the Lies…",Business&SelfHelp,2018_02,,,,,,,,,,,,,,,,,,,,,
203,2018,The Wonky Donkey,Children'sBooks,2018_03,,,,,,,,,,,,,,,,,,,,,
204,2018,Fire and Fury: Inside the Trump White House,Politics&SocialSciences,2018_04,,,,,,,,,,,,,,,,,,,,,
205,2018,Fear: Trump in the White House,Politics&SocialSciences,2018_05,,,,,,,,,,,,,,,,,,,,,
206,2018,Last Week Tonight with John Oliver Presents A…,Children'sBooks,2018_06,,,,,,,,,,,,,,,,,,,,,
207,2018,12 Rules for Life: An Antidote to Chaos,Politics&SocialSciences,2018_07,,,,,,,,,,,,,,,,,,,,,
208,2018,Magnolia Table: A Collection of Recipes for…,"Cookbooks,Food&Wine",2018_08,,,,,,,,,,,,,,,,,,,,,
209,2018,Whose Boat Is This Boat?: Comments That Don't…,Politics&SocialSciences,2018_09,,,,,,,,,,,,,,,,,,,,,
210,2018,The Subtle Art of Not Giving a F*ck: A…,Business&SelfHelp,2018_10,,,,,,,,,,,,,,,,,,,,,
211,2018,"A Higher Loyalty: Truth, Lies, and Leadership",Biographies&Memoirs,2018_11,,,,,,,,,,,,,,,,,,,,,
212,2018,The Complete Ketogenic Diet for Beginners: Your…,"Cookbooks,Food&Wine",2018_12,,,,,,,,,,,,,,,,,,,,,
213,2018,The Meltdown (Diary of a Wimpy Kid Book 13),Children'sBooks,2018_13,,,,,,,,,,,,,,,,,,,,,
214,2018,The 5 Love Languages: The Secret to Love that…,Religion&Spirituality,2018_14,,,,,,,,,,,,,,,,,,,,,
215,2018,First 100 Words,Children'sBooks,2018_15,,,,,,,,,,,,,,,,,,,,,
216,2018,Dog Man: Lord of the Fleas: From the Creator of…,Children'sBooks,2018_16,,,,,,,,,,,,,,,,,,,,,
217,2018,Educated: A Memoir,Biographies&Memoirs,2018_17,,,,,,,,,,,,,,,,,,,,,
218,2018,You Are a Badass: How to Stop Doubting Your…,Business&SelfHelp,2018_18,,,,,,,,,,,,,,,,,,,,,
219,2018,The Plant Paradox: The Hidden Dangers in…,HealthFitness&Dieting,2018_19,,,,,,,,,,,,,,,,,,,,,
220,2018,Giraffes Can't Dance,Children'sBooks,2018_20,,,,,,,,,,,,,,,,,,,,,
221,2018,Player's Handbook (Dungeons & Dragons),Literature&Fiction,2018_21,,,,,,,,,,,,,,,,,,,,,
222,2018,Homebody: A Guide to Creating Spaces You…,CraftsHobbies&Home,2018_22,,,,,,,,,,,,,,,,,,,,,
223,2018,The Very Hungry Caterpillar,Children'sBooks,2018_23,,,,,,,,,,,,,,,,,,,,,
224,2018,Crazy Rich Asians (Crazy Rich Asians Trilogy),Literature&Fiction,2018_24,,,,,,,,,,,,,,,,,,,,,
225,2018,The Hate U Give,Teen&Youngadult,2018_25,,,,,,,,,,,,,,,,,,,,,
226,2018,The Instant Pot Electric Pressure Cooker…,"Cookbooks,Food&Wine",2018_26,,,,,,,,,,,,,,,,,,,,,
227,2018,The Four Agreements: A Practical Guide to…,Religion&Spirituality,2018_27,,,,,,,,,,,,,,,,,,,,,
228,2018,The Wonderful Things You Will Be,Children'sBooks,2018_28,,,,,,,,,,,,,,,,,,,,,
229,2018,P is for Potty! (Sesame Street) (Lift-the-Flap),Children'sBooks,2018_29,,,,,,,,,,,,,,,,,,,,,
230,2018,The Pout-Pout Fish,Children'sBooks,2018_30,,,,,,,,,,,,,,,,,,,,,
231,2018,Lettering and Modern Calligraphy: A Beginner's…,Business&SelfHelp,2018_31,,,,,,,,,,,,,,,,,,,,,
232,2018,Publication Manual of the American…,Reference,2018_32,,,,,,,,,,,,,,,,,,,,,
233,2018,Dear Zoo: A Lift-the-Flap Book,Children'sBooks,2018_33,,,,,,,,,,,,,,,,,,,,,
234,2018,"Oh, the Places You'll Go!  ",Children'sBooks,2018_34,,,,,,,,,,,,,,,,,,,,,
235,2018,Dog Man and Cat Kid: From the Creator of…,Children'sBooks,2018_35,,,,,,,,,,,,,,,,,,,,,
236,2018,Goodnight Moon,Children'sBooks,2018_36,,,,,,,,,,,,,,,,,,,,,
237,2018,"Salt, Fat, Acid, Heat: Mastering the Elements of…","Cookbooks,Food&Wine",2018_37,,,,,,,,,,,,,,,,,,,,,
238,2018,A Wrinkle in Time (Time Quintet),Children'sBooks,2018_38,,,,,,,,,,,,,,,,,,,,,
239,2018,How to Win Friends & Influence People,Business&SelfHelp,2018_39,,,,,,,,,,,,,,,,,,,,,
240,2018,Dog Man: Brawl of the Wild: From the Creator of…,Children'sBooks,2018_40,,,,,,,,,,,,,,,,,,,,,
241,2018,Instant Pot Pressure Cooker Cookbook: 500…,"Cookbooks,Food&Wine",2018_41,,,,,,,,,,,,,,,,,,,,,
242,2018,Milk and Honey,Literature&Fiction,2018_42,,,,,,,,,,,,,,,,,,,,,
243,2018,Little Fires Everywhere,Literature&Fiction,2018_43,,,,,,,,,,,,,,,,,,,,,
244,2018,Kitchen Confidential Updated Edition:…,Biographies&Memoirs,2018_44,,,,,,,,,,,,,,,,,,,,,
245,2018,The President Is Missing,Literature&Fiction,2018_45,,,,,,,,,,,,,,,,,,,,,
246,2018,School Zone - Big Preschool Workbook - Ages 4…,Children'sBooks,2018_46,,,,,,,,,,,,,,,,,,,,,
247,2018,The Plant Paradox Cookbook: 100 Delicious…,"Cookbooks,Food&Wine",2018_47,,,,,,,,,,,,,,,,,,,,,
248,2018,Ready Player One,Literature&Fiction,2018_48,,,,,,,,,,,,,,,,,,,,,
249,2018,Fahrenheit 451,Politics&SocialSciences,2018_49,,,,,,,,,,,,,,,,,,,,,
250,2018,Ship of Fools: How a Selfish Ruling Class Is…,Politics&SocialSciences,2018_50,,,,,,,,,,,,,,,,,,,,,
251,2018,"The Alchemist, 25th Anniversary: A Fable About…",Religion&Spirituality,2018_51,,,,,,,,,,,,,,,,,,,,,
252,2018,Wonder,Children'sBooks,2018_52,,,,,,,,,,,,,,,,,,,,,
253,2018,To Kill a Mockingbird,Teen&Youngadult,2018_53,,,,,,,,,,,,,,,,,,,,,
254,2018,The Whole30: The 30-Day Guide to Total Health…,"Cookbooks,Food&Wine",2018_54,,,,,,,,,,,,,,,,,,,,,
255,2018,The Keto Diet: The Complete Guide to a High-Fat…,"Cookbooks,Food&Wine",2018_55,,,,,,,,,,,,,,,,,,,,,
256,2018,"Everybody, Always: Becoming Love in a World…",Religion&Spirituality,2018_56,,,,,,,,,,,,,,,,,,,,,
257,2018,Before We Were Yours,Literature&Fiction,2018_57,,,,,,,,,,,,,,,,,,,,,
258,2018,The Reckoning,Literature&Fiction,2018_58,,,,,,,,,,,,,,,,,,,,,
259,2018,"Brown Bear, Brown Bear, What Do You See?",Children'sBooks,2018_59,,,,,,,,,,,,,,,,,,,,,
260,2018,Beneath a Scarlet Sky,Literature&Fiction,2018_60,,,,,,,,,,,,,,,,,,,,,
261,2018,What to Expect When You're Expecting,Parenting&Relationships,2018_61,,,,,,,,,,,,,,,,,,,,,
262,2018,Principles: Life and Work,Business&SelfHelp,2018_62,,,,,,,,,,,,,,,,,,,,,
263,2018,Astrophysics for People in a Hurry,Science&Math,2018_63,,,,,,,,,,,,,,,,,,,,,
264,2018,Laugh-Out-Loud Jokes for Kids,Children'sBooks,2018_64,,,,,,,,,,,,,,,,,,,,,
265,2018,Medical Medium Liver Rescue: Answers to…,HealthFitness&Dieting,2018_65,,,,,,,,,,,,,,,,,,,,,
266,2018,"The Official SAT Study Guide, 2018 Edition…",Reference,2018_66,,,,,,,,,,,,,,,,,,,,,
267,2018,Calm the F*ck Down: An Irreverent Adult…,Business&SelfHelp,2018_67,,,,,,,,,,,,,,,,,,,,,
268,2018,The Care and Keeping of You: The Body Book for…,Children'sBooks,2018_68,,,,,,,,,,,,,,,,,,,,,
269,2018,The Outsider,Literature&Fiction,2018_69,,,,,,,,,,,,,,,,,,,,,
270,2018,Where the Crawdads Sing,Literature&Fiction,2018_70,,,,,,,,,,,,,,,,,,,,,
271,2018,Dungeons & Dragons Dungeon Master's Guide…,Reference,2018_71,,,,,,,,,,,,,,,,,,,,,
272,2018,Sapiens: A Brief History of Humankind,Politics&SocialSciences,2018_72,,,,,,,,,,,,,,,,,,,,,
273,2018,Love You Forever,Children'sBooks,2018_73,,,,,,,,,,,,,,,,,,,,,
274,2018,Dragons Love Tacos,Children'sBooks,2018_74,,,,,,,,,,,,,,,,,,,,,
275,2018,The Woman in the Window,Literature&Fiction,2018_75,,,,,,,,,,,,,,,,,,,,,
276,2018,Dungeons & Dragons Monster Manual (Core…,Reference,2018_76,,,,,,,,,,,,,,,,,,,,,
277,2018,Simply Keto: A Practical Approach to Health &…,"Cookbooks,Food&Wine",2018_77,,,,,,,,,,,,,,,,,,,,,
278,2018,StrengthsFinder 2.0,Business&SelfHelp,2018_78,,,,,,,,,,,,,,,,,,,,,
279,2018,Extreme Ownership: How U.S. Navy SEALs Lead…,Business&SelfHelp,2018_79,,,,,,,,,,,,,,,,,,,,,
280,2018,The Russia Hoax: The Illicit Scheme to Clear…,Politics&SocialSciences,2018_80,,,,,,,,,,,,,,,,,,,,,
281,2018,How to Draw 101 Animals,Children'sBooks,2018_81,,,,,,,,,,,,,,,,,,,,,
282,2018,The Sun and Her Flowers,Literature&Fiction,2018_82,,,,,,,,,,,,,,,,,,,,,
283,2018,The Life-Changing Magic of Tidying Up: The…,CraftsHobbies&Home,2018_83,,,,,,,,,,,,,,,,,,,,,
284,2018,The Easy 5-Ingredient Ketogenic Diet Cookbook:…,"Cookbooks,Food&Wine",2018_84,,,,,,,,,,,,,,,,,,,,,
285,2018,Where Do Diggers Sleep at Night? (Where…,Children'sBooks,2018_85,,,,,,,,,,,,,,,,,,,,,
286,2018,The 7 Habits of Highly Effective People:…,Business&SelfHelp,2018_86,,,,,,,,,,,,,,,,,,,,,
287,2018,Whiskey in a Teacup: What Growing Up in the…,Biographies&Memoirs,2018_87,,,,,,,,,,,,,,,,,,,,,
288,2018,Man's Search for Meaning (OLD EDITION/OUT…,Biographies&Memoirs,2018_88,,,,,,,,,,,,,,,,,,,,,
289,2018,The Great Alone,Literature&Fiction,2018_89,,,,,,,,,,,,,,,,,,,,,
290,2018,The Total Money Makeover: Classic Edition: A…,Business&SelfHelp,2018_90,,,,,,,,,,,,,,,,,,,,,
291,2018,Cravings: Hungry for More: A Cookbook,"Cookbooks,Food&Wine",2018_91,,,,,,,,,,,,,,,,,,,,,
292,2018,The Handmaid's Tale,Politics&SocialSciences,2018_92,,,,,,,,,,,,,,,,,,,,,
293,2018,The Gifts of Imperfection: Let Go of Who You…,Religion&Spirituality,2018_93,,,,,,,,,,,,,,,,,,,,,
294,2018,The Great Gatsby,Literature&Fiction,2018_94,,,,,,,,,,,,,,,,,,,,,
295,2018,"The Body Keeps the Score: Brain, Mind, and Body…",MedicalBooks,2018_95,,,,,,,,,,,,,,,,,,,,,
296,2018,"Gmorning, Gnight!: Little Pep Talks for Me & You",Literature&Fiction,2018_96,,,,,,,,,,,,,,,,,,,,,
297,2018,Rich Dad Poor Dad: What the Rich Teach Their…,Business&SelfHelp,2018_97,,,,,,,,,,,,,,,,,,,,,
298,2018,Make Your Bed: Little Things That Can Change…,Business&SelfHelp,2018_98,,,,,,,,,,,,,,,,,,,,,
299,2018,Harry Potter Paperback Box Set (Books 1-7),Teen&Youngadult,2018_99,,,,,,,,,,,,,,,,,,,,,
300,2018,Xanathar's Guide to Everything (Dungeons &…,Literature&Fiction,2018_100,,,,,,,,,,,,,,,,,,,,,
301,2017,Wonder,Children'sBooks,2017_01,,,,,,,,,,,,,,,,,,,,,
302,2017,Milk and Honey,Literature&Fiction,2017_02,,,,,,,,,,,,,,,,,,,,,
303,2017,Giraffes Can't Dance,Children'sBooks,2017_03,,,,,,,,,,,,,,,,,,,,,
304,2017,The Subtle Art of Not Giving a F*ck: A…,Business&SelfHelp,2017_04,,,,,,,,,,,,,,,,,,,,,
305,2017,The Getaway,Children'sBooks,2017_05,,,,,,,,,,,,,,,,,,,,,
306,2017,The Instant Pot Electric Pressure Cooker…,"Cookbooks,Food&Wine",2017_06,,,,,,,,,,,,,,,,,,,,,
307,2017,Hillbilly Elegy: A Memoir of a Family and Culture…,Politics&SocialSciences,2017_07,,,,,,,,,,,,,,,,,,,,,
308,2017,Astrophysics for People in a Hurry,Science&Math,2017_08,,,,,,,,,,,,,,,,,,,,,
309,2017,First 100 Words,Children'sBooks,2017_09,,,,,,,,,,,,,,,,,,,,,
310,2017,The Whole30: The 30-Day Guide to Total Health…,"Cookbooks,Food&Wine",2017_10,,,,,,,,,,,,,,,,,,,,,
311,2017,The Handmaid's Tale,Politics&SocialSciences,2017_11,,,,,,,,,,,,,,,,,,,,,
312,2017,The 5 Love Languages: The Secret to Love that…,Religion&Spirituality,2017_12,,,,,,,,,,,,,,,,,,,,,
313,2017,You Are a Badass: How to Stop Doubting Your…,Business&SelfHelp,2017_13,,,,,,,,,,,,,,,,,,,,,
314,2017,What Happened,Politics&SocialSciences,2017_14,,,,,,,,,,,,,,,,,,,,,
315,2017,"Oh, the Places You'll Go!  ",Children'sBooks,2017_15,,,,,,,,,,,,,,,,,,,,,
316,2017,Make Your Bed: Little Things That Can Change…,Business&SelfHelp,2017_16,,,,,,,,,,,,,,,,,,,,,
317,2017,1984 (Signet Classics),Politics&SocialSciences,2017_17,,,,,,,,,,,,,,,,,,,,,
318,2017,How to Win Friends & Influence People,Business&SelfHelp,2017_18,,,,,,,,,,,,,,,,,,,,,
319,2017,Origin (Robert Langdon),Literature&Fiction,2017_19,,,,,,,,,,,,,,,,,,,,,
320,2017,A Man Called Ove,Literature&Fiction,2017_20,,,,,,,,,,,,,,,,,,,,,
321,2017,The Sun and Her Flowers,Literature&Fiction,2017_21,,,,,,,,,,,,,,,,,,,,,
322,2017,Dear Zoo: A Lift-the-Flap Book,Children'sBooks,2017_22,,,,,,,,,,,,,,,,,,,,,
323,2017,The Four Agreements: A Practical Guide to…,Religion&Spirituality,2017_23,,,,,,,,,,,,,,,,,,,,,
324,2017,The Going-To-Bed Book,Children'sBooks,2017_24,,,,,,,,,,,,,,,,,,,,,
325,2017,StrengthsFinder 2.0,Business&SelfHelp,2017_25,,,,,,,,,,,,,,,,,,,,,
326,2017,The Wonderful Things You Will Be,Children'sBooks,2017_26,,,,,,,,,,,,,,,,,,,,,
327,2017,The Shack: Where Tragedy Confronts Eternity,Literature&Fiction,2017_27,,,,,,,,,,,,,,,,,,,,,
328,2017,The Life-Changing Magic of Tidying Up: The…,CraftsHobbies&Home,2017_28,,,,,,,,,,,,,,,,,,,,,
329,2017,"Option B: Facing Adversity, Building Resilience,…",Business&SelfHelp,2017_29,,,,,,,,,,,,,,,,,,,,,
330,2017,Thug Kitchen: The Official Cookbook: Eat Like…,"Cookbooks,Food&Wine",2017_30,,,,,,,,,,,,,,,,,,,,,
331,2017,A Gentleman in Moscow,Literature&Fiction,2017_31,,,,,,,,,,,,,,,,,,,,,
332,2017,Publication Manual of the American…,Reference,2017_32,,,,,,,,,,,,,,,,,,,,,
333,2017,Goodnight Moon,Children'sBooks,2017_33,,,,,,,,,,,,,,,,,,,,,
334,2017,Thirteen Reasons Why,Literature&Fiction,2017_34,,,,,,,,,,,,,,,,,,,,,
335,2017,Leonardo da Vinci,Biographies&Memoirs,2017_35,,,,,,,,,,,,,,,,,,,,,
336,2017,The Pout-Pout Fish,Children'sBooks,2017_36,,,,,,,,,,,,,,,,,,,,,
337,2017,Harry Potter and the Prisoner of Azkaban: The…,Teen&Youngadult,2017_37,,,,,,,,,,,,,,,,,,,,,
338,2017,If Animals Kissed Good Night,Children'sBooks,2017_38,,,,,,,,,,,,,,,,,,,,,
339,2017,"Brown Bear, Brown Bear, What Do You See?",Children'sBooks,2017_39,,,,,,,,,,,,,,,,,,,,,
340,2017,Player's Handbook (Dungeons & Dragons),Literature&Fiction,2017_40,,,,,,,,,,,,,,,,,,,,,
341,2017,The Very Hungry Caterpillar,Children'sBooks,2017_41,,,,,,,,,,,,,,,,,,,,,
342,2017,Puppy Birthday to You! (Paw Patrol) (Little…,Children'sBooks,2017_42,,,,,,,,,,,,,,,,,,,,,
343,2017,Laugh-Out-Loud Jokes for Kids,Children'sBooks,2017_43,,,,,,,,,,,,,,,,,,,,,
344,2017,"Tools of Titans: The Tactics, Routines, and Habits…",Business&SelfHelp,2017_44,,,,,,,,,,,,,,,,,,,,,
345,2017,Milk and Vine: Inspirational Quotes From Classic…,Literature&Fiction,2017_45,,,,,,,,,,,,,,,,,,,,,
346,2017,Ready Player One,Literature&Fiction,2017_46,,,,,,,,,,,,,,,,,,,,,
347,2017,Dog Man: A Tale of Two Kitties: From the Creator…,Children'sBooks,2017_47,,,,,,,,,,,,,,,,,,,,,
348,2017,Obama: An Intimate Portrait,Politics&SocialSciences,2017_48,,,,,,,,,,,,,,,,,,,,,
349,2017,The 7 Habits of Highly Effective People:…,Business&SelfHelp,2017_49,,,,,,,,,,,,,,,,,,,,,
350,2017,Killers of the Flower Moon: The Osage Murders…,History,2017_50,,,,,,,,,,,,,,,,,,,,,
351,2017,The Care and Keeping of You: The Body Book for…,Children'sBooks,2017_51,,,,,,,,,,,,,,,,,,,,,
352,2017,Uninvited: Living Loved When You Feel Less…,Religion&Spirituality,2017_52,,,,,,,,,,,,,,,,,,,,,
353,2017,Big Little Lies,Literature&Fiction,2017_53,,,,,,,,,,,,,,,,,,,,,
354,2017,"The Official SAT Study Guide, 2018 Edition…",Reference,2017_54,,,,,,,,,,,,,,,,,,,,,
355,2017,The Whole30 Cookbook: 150 Delicious and…,"Cookbooks,Food&Wine",2017_55,,,,,,,,,,,,,,,,,,,,,
356,2017,"Thinking, Fast and Slow",Business&SelfHelp,2017_56,,,,,,,,,,,,,,,,,,,,,
357,2017,Jesus Calling: Enjoying Peace in His Presence…,Religion&Spirituality,2017_57,,,,,,,,,,,,,,,,,,,,,
358,2017,What to Expect When You're Expecting,Parenting&Relationships,2017_58,,,,,,,,,,,,,,,,,,,,,
359,2017,N/A,#N/A,2017_59,NoData,,,,,,,,,,,,,,,,,,,,
360,2017,The Great Gatsby,Literature&Fiction,2017_60,,,,,,,,,,,,,,,,,,,,,
361,2017,The Wisdom of Sundays: Life-Changing Insights…,Religion&Spirituality,2017_61,,,,,,,,,,,,,,,,,,,,,
362,2017,P is for Potty! (Sesame Street) (Lift-the-Flap),Children'sBooks,2017_62,,,,,,,,,,,,,,,,,,,,,
363,2017,The Rooster Bar,Literature&Fiction,2017_63,,,,,,,,,,,,,,,,,,,,,
364,2017,The Giving Tree,Literature&Fiction,2017_64,,,,,,,,,,,,,,,,,,,,,
365,2017,She Persisted: 13 American Women Who…,Children'sBooks,2017_65,,,,,,,,,,,,,,,,,,,,,
366,2017,On Tyranny: Twenty Lessons from the Twentieth…,History,2017_66,,,,,,,,,,,,,,,,,,,,,
367,2017,"The Alchemist, 25th Anniversary: A Fable About…",Religion&Spirituality,2017_67,,,,,,,,,,,,,,,,,,,,,
368,2017,Fahrenheit 451,Politics&SocialSciences,2017_68,,,,,,,,,,,,,,,,,,,,,
369,2017,Camino Island,Literature&Fiction,2017_69,,,,,,,,,,,,,,,,,,,,,
370,2017,Turtles All the Way Down,Teen&Youngadult,2017_70,,,,,,,,,,,,,,,,,,,,,
371,2017,The Gifts of Imperfection: Let Go of Who You…,Religion&Spirituality,2017_71,,,,,,,,,,,,,,,,,,,,,
372,2017,Love You Forever,Children'sBooks,2017_72,,,,,,,,,,,,,,,,,,,,,
373,2017,The Pioneer Woman Cooks: Come and Get It!:…,"Cookbooks,Food&Wine",2017_73,,,,,,,,,,,,,,,,,,,,,
374,2017,Mindset: The New Psychology of Success,Business&SelfHelp,2017_74,,,,,,,,,,,,,,,,,,,,,
375,2017,Where Is Baby's Belly Button? A Lift-the-Flap Book,Children'sBooks,2017_75,,,,,,,,,,,,,,,,,,,,,
376,2017,Grant,Biographies&Memoirs,2017_76,,,,,,,,,,,,,,,,,,,,,
377,2017,"Lunt Solar Systems Junior Size Premium CE & ISO Certified Eclipse Glasses, Pack of 4",N/A,2017_77,NonBook,,,,,,,,,,,,,,,,,,,,
378,2017,Sapiens: A Brief History of Humankind,Politics&SocialSciences,2017_78,,,,,,,,,,,,,,,,,,,,,
379,2017,The Intelligent Investor: The Definitive Book on…,Business&SelfHelp,2017_79,,,,,,,,,,,,,,,,,,,,,
380,2017,The Plant Paradox: The Hidden Dangers in…,HealthFitness&Dieting,2017_80,,,,,,,,,,,,,,,,,,,,,
381,2017,The Trials of Apollo Book Two The Dark…,Children'sBooks,2017_81,,,,,,,,,,,,,,,,,,,,,
382,2017,"Everything, Everything",Teen&Youngadult,2017_82,,,,,,,,,,,,,,,,,,,,,
383,2017,Start with Why: How Great Leaders Inspire…,Business&SelfHelp,2017_83,,,,,,,,,,,,,,,,,,,,,
384,2017,Norse Mythology,Literature&Fiction,2017_84,,,,,,,,,,,,,,,,,,,,,
385,2017,Beneath a Scarlet Sky,Literature&Fiction,2017_85,,,,,,,,,,,,,,,,,,,,,
386,2017,Dog Man Unleashed: From the Creator of…,Children'sBooks,2017_86,,,,,,,,,,,,,,,,,,,,,
387,2017,Lilac Girls,Literature&Fiction,2017_87,,,,,,,,,,,,,,,,,,,,,
388,2017,Harry Potter and the Sorcerer's Stone: The…,Teen&Youngadult,2017_88,,,,,,,,,,,,,,,,,,,,,
389,2017,"Magnus Chase and the Gods of Asgard, Book 3…",Children'sBooks,2017_89,,,,,,,,,,,,,,,,,,,,,
390,2017,"Al Franken, Giant of the Senate",Literature&Fiction,2017_90,,,,,,,,,,,,,,,,,,,,,
391,2017,Principles: Life and Work,Business&SelfHelp,2017_91,,,,,,,,,,,,,,,,,,,,,
392,2017,Daring Greatly: How the Courage to Be…,Business&SelfHelp,2017_92,,,,,,,,,,,,,,,,,,,,,
393,2017,The Complete Ketogenic Diet for Beginners: Your…,"Cookbooks,Food&Wine",2017_93,,,,,,,,,,,,,,,,,,,,,
394,2017,Pokémon Deluxe Essential Handbook: The Need…,Reference,2017_94,,,,,,,,,,,,,,,,,,,,,
395,2017,10-Day Green Smoothie Cleanse,"Cookbooks,Food&Wine",2017_95,,,,,,,,,,,,,,,,,,,,,
396,2017,The Total Money Makeover: Classic Edition: A…,Business&SelfHelp,2017_96,,,,,,,,,,,,,,,,,,,,,
397,2017,Dragons Love Tacos,Children'sBooks,2017_97,,,,,,,,,,,,,,,,,,,,,
398,2017,Harry Potter Paperback Box Set (Books 1-7),Teen&Youngadult,2017_98,,,,,,,,,,,,,,,,,,,,,
399,2017,Killing England: The Brutal Struggle for…,History,2017_99,,,,,,,,,,,,,,,,,,,,,
400,2017,"Rosie Revere, Engineer",Children'sBooks,2017_100,,,,,,,,,,,,,,,,,,,,,
401,2016,"Harry Potter and the Cursed Child, Parts 1 & 2,…",Teen&Youngadult,2016_01,,,,,,,,,,,,,,,,,,,,,
402,2016,StrengthsFinder 2.0,Business&SelfHelp,2016_02,,,,,,,,,,,,,,,,,,,,,
403,2016,First 100 Words,Children'sBooks,2016_03,,,,,,,,,,,,,,,,,,,,,
404,2016,The Life-Changing Magic of Tidying Up: The…,CraftsHobbies&Home,2016_04,,,,,,,,,,,,,,,,,,,,,
405,2016,"Oh, the Places You'll Go!  ",Children'sBooks,2016_05,,,,,,,,,,,,,,,,,,,,,
406,2016,Double Down (Diary of a Wimpy Kid #11),Children'sBooks,2016_06,,,,,,,,,,,,,,,,,,,,,
407,2016,When Breath Becomes Air,Biographies&Memoirs,2016_07,,,,,,,,,,,,,,,,,,,,,
408,2016,Giraffes Can't Dance,Children'sBooks,2016_08,,,,,,,,,,,,,,,,,,,,,
409,2016,The 5 Love Languages: The Secret to Love that…,Religion&Spirituality,2016_09,,,,,,,,,,,,,,,,,,,,,
410,2016,The Whole30: The 30-Day Guide to Total Health…,"Cookbooks,Food&Wine",2016_10,,,,,,,,,,,,,,,,,,,,,
411,2016,A Man Called Ove,Literature&Fiction,2016_11,,,,,,,,,,,,,,,,,,,,,
412,2016,Killing the Rising Sun: How America Vanquished…,History,2016_12,,,,,,,,,,,,,,,,,,,,,
413,2016,How to Win Friends & Influence People,Business&SelfHelp,2016_13,,,,,,,,,,,,,,,,,,,,,
414,2016,The Magnolia Story,Biographies&Memoirs,2016_14,,,,,,,,,,,,,,,,,,,,,
415,2016,Laugh-Out-Loud Jokes for Kids,Children'sBooks,2016_15,,,,,,,,,,,,,,,,,,,,,
416,2016,To Kill a Mockingbird,Teen&Youngadult,2016_16,,,,,,,,,,,,,,,,,,,,,
417,2016,Hillbilly Elegy: A Memoir of a Family and Culture…,Politics&SocialSciences,2016_17,,,,,,,,,,,,,,,,,,,,,
418,2016,Fantastic Beasts and Where to Find Them: The…,Children'sBooks,2016_18,,,,,,,,,,,,,,,,,,,,,
419,2016,Hamilton: The Revolution,Literature&Fiction,2016_19,,,,,,,,,,,,,,,,,,,,,
420,2016,The Girl on the Train,Literature&Fiction,2016_20,,,,,,,,,,,,,,,,,,,,,
421,2016,Mindset: The New Psychology of Success,Business&SelfHelp,2016_21,,,,,,,,,,,,,,,,,,,,,
422,2016,"The Official SAT Study Guide, 2016 Edition…",Reference,2016_22,,,,,,,,,,,,,,,,,,,,,
423,2016,Adult Coloring Book Designs: Stress Relief…,Business&SelfHelp(CCD),2016_23,,,,,,,,,,,,,,,,,,,,,
424,2016,The Four Agreements: A Practical Guide to…,Religion&Spirituality,2016_24,,,,,,,,,,,,,,,,,,,,,
425,2016,Milk and Honey,Literature&Fiction,2016_25,,,,,,,,,,,,,,,,,,,,,
426,2016,The Going-To-Bed Book,Children'sBooks,2016_26,,,,,,,,,,,,,,,,,,,,,
427,2016,Born to Run,Biographies&Memoirs,2016_27,,,,,,,,,,,,,,,,,,,,,
428,2016,Alexander Hamilton,Biographies&Memoirs,2016_28,,,,,,,,,,,,,,,,,,,,,
429,2016,The Very Hungry Caterpillar,Children'sBooks,2016_29,,,,,,,,,,,,,,,,,,,,,
430,2016,The 7 Habits of Highly Effective People:…,Business&SelfHelp,2016_30,,,,,,,,,,,,,,,,,,,,,
431,2016,The Constitution of the United States,History,2016_31,,,,,,,,,,,,,,,,,,,,,
432,2016,Wonder,Children'sBooks,2016_32,,,,,,,,,,,,,,,,,,,,,
433,2016,The Wonderful Things You Will Be,Children'sBooks,2016_33,,,,,,,,,,,,,,,,,,,,,
434,2016,You Are a Badass: How to Stop Doubting Your…,Business&SelfHelp,2016_34,,,,,,,,,,,,,,,,,,,,,
435,2016,Thug Kitchen: The Official Cookbook: Eat Like…,"Cookbooks,Food&Wine",2016_35,,,,,,,,,,,,,,,,,,,,,
436,2016,Pokémon Deluxe Essential Handbook: The Need…,Reference,2016_36,,,,,,,,,,,,,,,,,,,,,
437,2016,Publication Manual of the American…,Reference,2016_37,,,,,,,,,,,,,,,,,,,,,
438,2016,Cravings: Recipes for All the Food You Want to…,"Cookbooks,Food&Wine",2016_38,,,,,,,,,,,,,,,,,,,,,
439,2016,Between the World and Me,Politics&SocialSciences,2016_39,,,,,,,,,,,,,,,,,,,,,
440,2016,Calm the F*ck Down: An Irreverent Adult…,Business&SelfHelp,2016_40,,,,,,,,,,,,,,,,,,,,,
441,2016,Dear Zoo: A Lift-the-Flap Book,Children'sBooks,2016_41,,,,,,,,,,,,,,,,,,,,,
442,2016,Jesus Calling: Enjoying Peace in His Presence…,Religion&Spirituality,2016_42,,,,,,,,,,,,,,,,,,,,,
443,2016,Night (Night),Biographies&Memoirs,2016_43,,,,,,,,,,,,,,,,,,,,,
444,2016,N/A,#N/A,2016_44,NoData,,,,,,,,,,,,,,,,,,,,
445,2016,Harry Potter Paperback Box Set (Books 1-7),Teen&Youngadult,2016_45,,,,,,,,,,,,,,,,,,,,,
446,2016,Harry Potter and the Sorcerer's Stone: The…,Teen&Youngadult,2016_46,,,,,,,,,,,,,,,,,,,,,
447,2016,10-Day Green Smoothie Cleanse,"Cookbooks,Food&Wine",2016_47,,,,,,,,,,,,,,,,,,,,,
448,2016,Uninvited: Living Loved When You Feel Less…,Religion&Spirituality,2016_48,,,,,,,,,,,,,,,,,,,,,
449,2016,The Nightingale,Literature&Fiction,2016_49,,,,,,,,,,,,,,,,,,,,,
450,2016,Harry Potter and the Chamber of Secrets: The…,Teen&Youngadult,2016_50,,,,,,,,,,,,,,,,,,,,,
451,2016,Fahrenheit 451,Politics&SocialSciences,2016_51,,,,,,,,,,,,,,,,,,,,,
452,2016,Love You Forever,Children'sBooks,2016_52,,,,,,,,,,,,,,,,,,,,,
453,2016,The Great Gatsby,Literature&Fiction,2016_53,,,,,,,,,,,,,,,,,,,,,
454,2016,The Five Dysfunctions of a Team: A Leadership…,Business&SelfHelp,2016_54,,,,,,,,,,,,,,,,,,,,,
455,2016,All the Light We Cannot See,Literature&Fiction,2016_55,,,,,,,,,,,,,,,,,,,,,
456,2016,"Brown Bear, Brown Bear, What Do You See?",Children'sBooks,2016_56,,,,,,,,,,,,,,,,,,,,,
457,2016,"The Alchemist, 25th Anniversary: A Fable About…",Religion&Spirituality,2016_57,,,,,,,,,,,,,,,,,,,,,
458,2016,"Fervent: A Woman's Battle Plan to Serious,…",Religion&Spirituality,2016_58,,,,,,,,,,,,,,,,,,,,,
459,2016,The Whistler,Literature&Fiction,2016_59,,,,,,,,,,,,,,,,,,,,,
460,2016,If Animals Kissed Good Night,Children'sBooks,2016_60,,,,,,,,,,,,,,,,,,,,,
461,2016,Cooking for Jeffrey: A Barefoot Contessa Cookbook,"Cookbooks,Food&Wine",2016_61,,,,,,,,,,,,,,,,,,,,,
462,2016,"The Trials of Apollo, Book 1: The Hidden Oracle…",Children'sBooks,2016_62,,,,,,,,,,,,,,,,,,,,,
463,2016,Knock-Knock Jokes for Kids,Children'sBooks,2016_63,,,,,,,,,,,,,,,,,,,,,
464,2016,Puppy Birthday to You! (Paw Patrol) (Little…,Children'sBooks,2016_64,,,,,,,,,,,,,,,,,,,,,
465,2016,The Gifts of Imperfection: Let Go of Who You…,Religion&Spirituality,2016_65,,,,,,,,,,,,,,,,,,,,,
466,2016,Crisis of Character: A White House Secret Service…,Politics&SocialSciences,2016_66,,,,,,,,,,,,,,,,,,,,,
467,2016,First 100 Animals,Children'sBooks,2016_67,,,,,,,,,,,,,,,,,,,,,
468,2016,Adult Coloring Books: A Coloring Book for Adults…,Business&SelfHelp(CCD),2016_68,,,,,,,,,,,,,,,,,,,,,
469,2016,Goodnight Moon,Children'sBooks,2016_69,,,,,,,,,,,,,,,,,,,,,
470,2016,Daring Greatly: How the Courage to Be…,Business&SelfHelp,2016_70,,,,,,,,,,,,,,,,,,,,,
471,2016,Miss Peregrine's Home for Peculiar Children (Miss…,Teen&Youngadult,2016_71,,,,,,,,,,,,,,,,,,,,,
472,2016,Grit: The Power of Passion and Perseverance,Business&SelfHelp,2016_72,,,,,,,,,,,,,,,,,,,,,
473,2016,Emotional Intelligence 2.0,Business&SelfHelp,2016_73,,,,,,,,,,,,,,,,,,,,,
474,2016,The Underground Railroad (Pulitzer Prize…,Literature&Fiction,2016_74,,,,,,,,,,,,,,,,,,,,,
475,2016,The Outsiders,Teen&Youngadult,2016_75,,,,,,,,,,,,,,,,,,,,,
476,2016,The Food Lab: Better Home Cooking Through…,"Cookbooks,Food&Wine",2016_76,,,,,,,,,,,,,,,,,,,,,
477,2016,Me Before You (Movie Tie-In),Literature&Fiction,2016_77,,,,,,,,,,,,,,,,,,,,,
478,2016,Chicka Chicka Boom Boom (Board Book),Children'sBooks,2016_78,,,,,,,,,,,,,,,,,,,,,
479,2016,The Care and Keeping of You: The Body Book for…,Children'sBooks,2016_79,,,,,,,,,,,,,,,,,,,,,
480,2016,Potty (Leslie Patricelli board books),Children'sBooks,2016_80,,,,,,,,,,,,,,,,,,,,,
481,2016,"Tools of Titans: The Tactics, Routines, and Habits…",Business&SelfHelp,2016_81,,,,,,,,,,,,,,,,,,,,,
482,2016,First 100 Padded: Numbers Colors Shapes,Children'sBooks,2016_82,,,,,,,,,,,,,,,,,,,,,
483,2016,Good Vibes Coloring Book (Coloring is Fun)…,Business&SelfHelp(CCD),2016_83,,,,,,,,,,,,,,,,,,,,,
484,2016,The Instant Pot Electric Pressure Cooker…,"Cookbooks,Food&Wine",2016_84,,,,,,,,,,,,,,,,,,,,,
485,2016,Quieting Your Heart: 6-Month Bible-Study Journal,Religion&Spirituality,2016_85,,,,,,,,,,,,,,,,,,,,,
486,2016,The Book with No Pictures,Children'sBooks,2016_86,,,,,,,,,,,,,,,,,,,,,
487,2016,Creative Haven Owls Coloring Book (Adult…,Business&SelfHelp(CCD),2016_87,,,,,,,,,,,,,,,,,,,,,
488,2016,"Magnus Chase and the Gods of Asgard, Book 2…",Children'sBooks,2016_88,,,,,,,,,,,,,,,,,,,,,
489,2016,Secret Garden: An Inky Treasure Hunt and…,Business&SelfHelp(CCD),2016_89,,,,,,,,,,,,,,,,,,,,,
490,2016,Harry Potter and the Sorcerer's Stone,Teen&Youngadult,2016_90,,,,,,,,,,,,,,,,,,,,,
491,2016,Dragons Love Tacos,Children'sBooks,2016_91,,,,,,,,,,,,,,,,,,,,,
492,2016,Player's Handbook (Dungeons & Dragons),Literature&Fiction,2016_92,,,,,,,,,,,,,,,,,,,,,
493,2016,The Everything Kids' Science Experiments Book:…,Children'sBooks,2016_93,,,,,,,,,,,,,,,,,,,,,
494,2016,1984 (Signet Classics),Politics&SocialSciences,2016_94,,,,,,,,,,,,,,,,,,,,,
495,2016,The Giver (1) (Giver Quartet),Teen&Youngadult,2016_95,,,,,,,,,,,,,,,,,,,,,
496,2016,N/A,#N/A,2016_96,NoData,,,,,,,,,,,,,,,,,,,,
497,2016,"Thinking, Fast and Slow",Business&SelfHelp,2016_97,,,,,,,,,,,,,,,,,,,,,
498,2016,Little Blue Truck board book,Children'sBooks,2016_98,,,,,,,,,,,,,,,,,,,,,
499,2016,Harry Potter Coloring Book,Business&SelfHelp(CCD),2016_99,,,,,,,,,,,,,,,,,,,,,
500,2016,The Day the Crayons Quit,Children'sBooks,2016_100,,,,,,,,,,,,,,,,,,,,,
501,2015,First 100 Words,Children'sBooks,2015_01,,,,,,,,,,,,,,,,,,,,,
502,2015,The Life-Changing Magic of Tidying Up: The…,CraftsHobbies&Home,2015_02,,,,,,,,,,,,,,,,,,,,,
503,2015,Laugh-Out-Loud Jokes for Kids,Children'sBooks,2015_03,,,,,,,,,,,,,,,,,,,,,
504,2015,Secret Garden: An Inky Treasure Hunt and…,Business&SelfHelp(CCD),2015_04,,,,,,,,,,,,,,,,,,,,,
505,2015,StrengthsFinder 2.0,Business&SelfHelp,2015_05,,,,,,,,,,,,,,,,,,,,,
506,2015,Go Set a Watchman,Literature&Fiction,2015_06,,,,,,,,,,,,,,,,,,,,,
507,2015,Enchanted Forest: An Inky Quest and Coloring…,Business&SelfHelp(CCD),2015_07,,,,,,,,,,,,,,,,,,,,,
508,2015,All the Light We Cannot See,Literature&Fiction,2015_08,,,,,,,,,,,,,,,,,,,,,
509,2015,The Girl on the Train,Literature&Fiction,2015_09,,,,,,,,,,,,,,,,,,,,,
510,2015,Adult Coloring Book: Stress Relieving Patterns,Business&SelfHelp(CCD),2015_10,,,,,,,,,,,,,,,,,,,,,
511,2015,Old School (Diary of a Wimpy Kid #10),Children'sBooks,2015_11,,,,,,,,,,,,,,,,,,,,,
512,2015,To Kill a Mockingbird,Teen&Youngadult,2015_12,,,,,,,,,,,,,,,,,,,,,
513,2015,Adult Coloring Book: Stress Relieving Animal…,Religion&Spirituality,2015_13,,,,,,,,,,,,,,,,,,,,,
514,2015,Adult Coloring Books: A Coloring Book for Adults…,Business&SelfHelp(CCD),2015_14,,,,,,,,,,,,,,,,,,,,,
515,2015,Humans of New York : Stories,Arts&Photography,2015_15,,,,,,,,,,,,,,,,,,,,,
516,2015,The Martian,Literature&Fiction,2015_16,,,,,,,,,,,,,,,,,,,,,
517,2015,"Oh, the Places You'll Go!  ",Children'sBooks,2015_17,,,,,,,,,,,,,,,,,,,,,
518,2015,Knock-Knock Jokes for Kids,Children'sBooks,2015_18,,,,,,,,,,,,,,,,,,,,,
519,2015,Dear Zoo: A Lift-the-Flap Book,Children'sBooks,2015_19,,,,,,,,,,,,,,,,,,,,,
520,2015,The Day the Crayons Quit,Children'sBooks,2015_20,,,,,,,,,,,,,,,,,,,,,
521,2015,The Boys in the Boat: Nine Americans and Their…,History,2015_21,,,,,,,,,,,,,,,,,,,,,
522,2015,Jesus Calling: Enjoying Peace in His Presence…,Religion&Spirituality,2015_22,,,,,,,,,,,,,,,,,,,,,
523,2015,Mindset: The New Psychology of Success,Business&SelfHelp,2015_23,,,,,,,,,,,,,,,,,,,,,
524,2015,Grey: Fifty Shades of Grey as Told by Christian…,Literature&Fiction,2015_24,,,,,,,,,,,,,,,,,,,,,
525,2015,Creative Haven Creative Cats Coloring Book…,Business&SelfHelp(CCD),2015_25,,,,,,,,,,,,,,,,,,,,,
526,2015,How to Win Friends & Influence People,Business&SelfHelp,2015_26,,,,,,,,,,,,,,,,,,,,,
527,2015,The 5 Love Languages: The Secret to Love that…,Religion&Spirituality,2015_27,,,,,,,,,,,,,,,,,,,,,
528,2015,Balance (Angie's Extreme Stress Menders),Business&SelfHelp(CCD),2015_28,,,,,,,,,,,,,,,,,,,,,
529,2015,Creative Haven Owls Coloring Book (Adult…,Business&SelfHelp(CCD),2015_29,,,,,,,,,,,,,,,,,,,,,
530,2015,Thug Kitchen: The Official Cookbook: Eat Like…,"Cookbooks,Food&Wine",2015_30,,,,,,,,,,,,,,,,,,,,,
531,2015,Giraffes Can't Dance,Children'sBooks,2015_31,,,,,,,,,,,,,,,,,,,,,
532,2015,Wonder,Children'sBooks,2015_32,,,,,,,,,,,,,,,,,,,,,
533,2015,The 7 Habits of Highly Effective People:…,Business&SelfHelp,2015_33,,,,,,,,,,,,,,,,,,,,,
534,2015,The Four Agreements: A Practical Guide to…,Religion&Spirituality,2015_34,,,,,,,,,,,,,,,,,,,,,
535,2015,Being Mortal: Medicine and What Matters in the…,HealthFitness&Dieting,2015_35,,,,,,,,,,,,,,,,,,,,,
536,2015,Love You Forever,Children'sBooks,2015_36,,,,,,,,,,,,,,,,,,,,,
537,2015,The Very Hungry Caterpillar,Children'sBooks,2015_37,,,,,,,,,,,,,,,,,,,,,
538,2015,Publication Manual of the American…,Reference,2015_38,,,,,,,,,,,,,,,,,,,,,
539,2015,Between the World and Me,Politics&SocialSciences,2015_39,,,,,,,,,,,,,,,,,,,,,
540,2015,Baby Touch and Feel: Animals,Children'sBooks,2015_40,,,,,,,,,,,,,,,,,,,,,
541,2015,The Book with No Pictures,Children'sBooks,2015_41,,,,,,,,,,,,,,,,,,,,,
542,2015,The Wright Brothers,History,2015_42,,,,,,,,,,,,,,,,,,,,,
543,2015,Dover Creative Haven Art Nouveau Animal…,Business&SelfHelp(CCD),2015_43,,,,,,,,,,,,,,,,,,,,,
544,2015,The Nightingale,Literature&Fiction,2015_44,,,,,,,,,,,,,,,,,,,,,
545,2015,The Pioneer Woman Cooks: Dinnertime…,"Cookbooks,Food&Wine",2015_45,,,,,,,,,,,,,,,,,,,,,
546,2015,What Pet Should I Get? (Classic Seuss),Children'sBooks,2015_46,,,,,,,,,,,,,,,,,,,,,
547,2015,Killing Reagan: The Violent Assault That…,Biographies&Memoirs,2015_47,,,,,,,,,,,,,,,,,,,,,
548,2015,Harry Potter Coloring Book,Business&SelfHelp(CCD),2015_48,,,,,,,,,,,,,,,,,,,,,
549,2015,American Sniper: The Autobiography of the Most…,Biographies&Memoirs,2015_49,,,,,,,,,,,,,,,,,,,,,
550,2015,The Whole30: The 30-Day Guide to Total Health…,"Cookbooks,Food&Wine",2015_50,,,,,,,,,,,,,,,,,,,,,
551,2015,Diary of a Minecraft Zombie Book 1: A Scare of A…,Children'sBooks,2015_51,,,,,,,,,,,,,,,,,,,,,
552,2015,The Great Gatsby,Literature&Fiction,2015_52,,,,,,,,,,,,,,,,,,,,,
553,2015,Lost Ocean: An Inky Adventure and Coloring…,Business&SelfHelp(CCD),2015_53,,,,,,,,,,,,,,,,,,,,,
554,2015,The Five Dysfunctions of a Team: A Leadership…,Business&SelfHelp,2015_54,,,,,,,,,,,,,,,,,,,,,
555,2015,The Official SAT Study Guide,Reference,2015_55,,,,,,,,,,,,,,,,,,,,,
556,2015,10-Day Green Smoothie Cleanse,"Cookbooks,Food&Wine",2015_56,,,,,,,,,,,,,,,,,,,,,
557,2015,The Gifts of Imperfection: Let Go of Who You…,Religion&Spirituality,2015_57,,,,,,,,,,,,,,,,,,,,,
558,2015,Chicka Chicka Boom Boom (Board Book),Children'sBooks,2015_58,,,,,,,,,,,,,,,,,,,,,
559,2015,The Day the Crayons Came Home,Children'sBooks,2015_59,,,,,,,,,,,,,,,,,,,,,
560,2015,What If?: Serious Scientific Answers to Absurd…,Literature&Fiction,2015_60,,,,,,,,,,,,,,,,,,,,,
561,2015,Paper Towns,Literature&Fiction,2015_61,,,,,,,,,,,,,,,,,,,,,
562,2015,"Unbroken: A World War II Story of Survival,…",History,2015_62,,,,,,,,,,,,,,,,,,,,,
563,2015,Get What's Yours: The Secrets to Maxing Out…,Business&SelfHelp,2015_63,,,,,,,,,,,,,,,,,,,,,
564,2015,"Magnus Chase and the Gods of Asgard, Book 1:…",Children'sBooks,2015_64,,,,,,,,,,,,,,,,,,,,,
565,2015,Dragons Love Tacos,Children'sBooks,2015_65,,,,,,,,,,,,,,,,,,,,,
566,2015,Fahrenheit 451,Politics&SocialSciences,2015_66,,,,,,,,,,,,,,,,,,,,,
567,2015,The Care and Keeping of You: The Body Book for…,Children'sBooks,2015_67,,,,,,,,,,,,,,,,,,,,,
568,2015,Potty (Leslie Patricelli board books),Children'sBooks,2015_68,,,,,,,,,,,,,,,,,,,,,
569,2015,Thing Explainer: Complicated Stuff in Simple…,Science&Math,2015_69,,,,,,,,,,,,,,,,,,,,,
570,2015,Dead Wake: The Last Crossing of the Lusitania,History,2015_70,,,,,,,,,,,,,,,,,,,,,
571,2015,The Going-To-Bed Book,Children'sBooks,2015_71,,,,,,,,,,,,,,,,,,,,,
572,2015,"Inspiralized: Turn Vegetables into Healthy,…","Cookbooks,Food&Wine",2015_72,,,,,,,,,,,,,,,,,,,,,
573,2015,Mystical Mandala Coloring Book (Dover Design…,Business&SelfHelp(CCD),2015_73,,,,,,,,,,,,,,,,,,,,,
574,2015,Diagnostic and Statistical Manual of Mental…,HealthFitness&Dieting,2015_74,,,,,,,,,,,,,,,,,,,,,
575,2015,Ultimate Sticker Book: Frozen: More Than 60…,Children'sBooks,2015_75,,,,,,,,,,,,,,,,,,,,,
576,2015,The 20/20 Diet: Turn Your Weight Loss Vision…,"Cookbooks,Food&Wine",2015_76,,,,,,,,,,,,,,,,,,,,,
577,2015,Night (Night),Biographies&Memoirs,2015_77,,,,,,,,,,,,,,,,,,,,,
578,2015,What to Expect When You're Expecting,Parenting&Relationships,2015_78,,,,,,,,,,,,,,,,,,,,,
579,2015,The Jesus Storybook Bible: Every Story Whispers…,Religion&Spirituality,2015_79,,,,,,,,,,,,,,,,,,,,,
580,2015,The Road to Character,Business&SelfHelp,2015_80,,,,,,,,,,,,,,,,,,,,,
581,2015,Where Is Baby's Belly Button? A Lift-the-Flap Book,Children'sBooks,2015_81,,,,,,,,,,,,,,,,,,,,,
582,2015,"The Alchemist, 25th Anniversary: A Fable About…",Religion&Spirituality,2015_82,,,,,,,,,,,,,,,,,,,,,
583,2015,Guess How Much I Love You,Children'sBooks,2015_83,,,,,,,,,,,,,,,,,,,,,
584,2015,Creative Coloring Inspirations: Art Activity Pages…,Business&SelfHelp(CCD),2015_84,,,,,,,,,,,,,,,,,,,,,
585,2015,Little Blue Truck,Children'sBooks,2015_85,,,,,,,,,,,,,,,,,,,,,
586,2015,The Outsiders,Teen&Youngadult,2015_86,,,,,,,,,,,,,,,,,,,,,
587,2015,"Thinking, Fast and Slow",Business&SelfHelp,2015_87,,,,,,,,,,,,,,,,,,,,,
588,2015,The Everything Kids' Science Experiments Book:…,Children'sBooks,2015_88,,,,,,,,,,,,,,,,,,,,,
589,2015,1984 (Signet Classics),Politics&SocialSciences,2015_89,,,,,,,,,,,,,,,,,,,,,
590,2015,Crucial Conversations Tools for Talking When…,Business&SelfHelp,2015_90,,,,,,,,,,,,,,,,,,,,,
591,2015,Emotional Intelligence 2.0,Business&SelfHelp,2015_91,,,,,,,,,,,,,,,,,,,,,
592,2015,For the Love: Fighting for Grace in a World of…,Religion&Spirituality,2015_92,,,,,,,,,,,,,,,,,,,,,
593,2015,Press Here (Interactive Book for Toddlers and…,Children'sBooks,2015_93,,,,,,,,,,,,,,,,,,,,,
594,2015,Little Blue Truck board book,Children'sBooks,2015_94,,,,,,,,,,,,,,,,,,,,,
595,2015,"Brown Bear, Brown Bear, What Do You See?",Children'sBooks,2015_95,,,,,,,,,,,,,,,,,,,,,
596,2015,A Long Walk to Water: Based on a True Story,Children'sBooks,2015_96,,,,,,,,,,,,,,,,,,,,,
597,2015,A Game of Thrones / A Clash of Kings / A Storm…,Literature&Fiction,2015_97,,,,,,,,,,,,,,,,,,,,,
598,2015,Rogue Lawyer,Literature&Fiction,2015_98,,,,,,,,,,,,,,,,,,,,,
599,2015,Detailed Designs and Beautiful Patterns (Sacred…,Business&SelfHelp(CCD),2015_99,,,,,,,,,,,,,,,,,,,,,
600,2015,Lord of the Flies,Teen&Youngadult,2015_100,,,,,,,,,,,,,,,,,,,,,
601,2014,StrengthsFinder 2.0,Business&SelfHelp,2014_01,,,,,,,,,,,,,,,,,,,,,
602,2014,Frozen (Little Golden Book),Literature&Fiction,2014_02,,,,,,,,,,,,,,,,,,,,,
603,2014,Laugh-Out-Loud Jokes for Kids,Children'sBooks,2014_03,,,,,,,,,,,,,,,,,,,,,
604,2014,The Fault in Our Stars,Literature&Fiction,2014_04,,,,,,,,,,,,,,,,,,,,,
605,2014,Diary of a Wimpy Kid: The Long Haul,Children'sBooks,2014_05,,,,,,,,,,,,,,,,,,,,,
606,2014,Killing Patton: The Strange Death of World War…,Biographies&Memoirs,2014_06,,,,,,,,,,,,,,,,,,,,,
607,2014,What If?: Serious Scientific Answers to Absurd…,Literature&Fiction,2014_07,,,,,,,,,,,,,,,,,,,,,
608,2014,"The Blood of Olympus (The Heroes of Olympus, 5)",Children'sBooks,2014_08,,,,,,,,,,,,,,,,,,,,,
609,2014,Jesus Calling: Enjoying Peace in His Presence…,Religion&Spirituality,2014_09,,,,,,,,,,,,,,,,,,,,,
610,2014,"Unbroken: A World War II Story of Survival,…",History,2014_10,,,,,,,,,,,,,,,,,,,,,
611,2014,Ultimate Sticker Book: Frozen: More Than 60…,Children'sBooks,2014_11,,,,,,,,,,,,,,,,,,,,,
612,2014,The Day the Crayons Quit,Children'sBooks,2014_12,,,,,,,,,,,,,,,,,,,,,
613,2014,Divergent,Literature&Fiction,2014_13,,,,,,,,,,,,,,,,,,,,,
614,2014,The Fault in Our Stars,Literature&Fiction,2014_14,,,,,,,,,,,,,,,,,,,,,
615,2014,"Oh, the Places You'll Go!  ",Children'sBooks,2014_15,,,,,,,,,,,,,,,,,,,,,
616,2014,To Kill a Mockingbird,Teen&Youngadult,2014_16,,,,,,,,,,,,,,,,,,,,,
617,2014,Gone Girl,Literature&Fiction,2014_17,,,,,,,,,,,,,,,,,,,,,
618,2014,The Book Thief,Literature&Fiction,2014_18,,,,,,,,,,,,,,,,,,,,,
619,2014,The Official SAT Study Guide,Reference,2014_19,,,,,,,,,,,,,,,,,,,,,
620,2014,Humans of New York,Arts&Photography,2014_20,,,,,,,,,,,,,,,,,,,,,
621,2014,The Goldfinch (Pulitzer Prize for Fiction),Literature&Fiction,2014_21,,,,,,,,,,,,,,,,,,,,,
622,2014,Diagnostic and Statistical Manual of Mental…,HealthFitness&Dieting,2014_22,,,,,,,,,,,,,,,,,,,,,
623,2014,Wonder,Children'sBooks,2014_23,,,,,,,,,,,,,,,,,,,,,
624,2014,The Book with No Pictures,Children'sBooks,2014_24,,,,,,,,,,,,,,,,,,,,,
625,2014,Rush Revere and the First Patriots: Time-Travel…,Children'sBooks,2014_25,,,,,,,,,,,,,,,,,,,,,
626,2014,The 5 Love Languages: The Secret to Love That…,Religion&Spirituality,2014_26,,,,,,,,,,,,,,,,,,,,,
627,2014,Knock-Knock Jokes for Kids,Children'sBooks,2014_27,,,,,,,,,,,,,,,,,,,,,
628,2014,JOURNEY TO THE ICE P,Children'sBooks,2014_28,,,,,,,,,,,,,,,,,,,,,
629,2014,Publication Manual of the American…,Reference,2014_29,,,,,,,,,,,,,,,,,,,,,
630,2014,Little Blue Truck,Children'sBooks,2014_30,,,,,,,,,,,,,,,,,,,,,
631,2014,Make It Ahead: A Barefoot Contessa Cookbook,"Cookbooks,Food&Wine",2014_31,,,,,,,,,,,,,,,,,,,,,
632,2014,First 100 Words,Children'sBooks,2014_32,,,,,,,,,,,,,,,,,,,,,
633,2014,If I Stay,Literature&Fiction,2014_33,,,,,,,,,,,,,,,,,,,,,
634,2014,A Game of Thrones / A Clash of Kings / A Storm…,Literature&Fiction,2014_34,,,,,,,,,,,,,,,,,,,,,
635,2014,Divergent / Insurgent,Literature&Fiction,2014_35,,,,,,,,,,,,,,,,,,,,,
636,2014,Capital in the Twenty First Century,Politics&SocialSciences,2014_36,,,,,,,,,,,,,,,,,,,,,
637,2014,Orphan Train,Literature&Fiction,2014_37,,,,,,,,,,,,,,,,,,,,,
638,2014,Mindset: The New Psychology of Success,Business&SelfHelp,2014_38,,,,,,,,,,,,,,,,,,,,,
639,2014,How to Win Friends & Influence People,Business&SelfHelp,2014_39,,,,,,,,,,,,,,,,,,,,,
640,2014,The Very Hungry Caterpillar,Children'sBooks,2014_40,,,,,,,,,,,,,,,,,,,,,
641,2014,All the Light We Cannot See,Literature&Fiction,2014_41,,,,,,,,,,,,,,,,,,,,,
642,2014,"Grain Brain: The Surprising Truth about Wheat,…",HealthFitness&Dieting,2014_42,,,,,,,,,,,,,,,,,,,,,
643,2014,"Unbroken: A World War II Story of Survival,…",History,2014_43,,,,,,,,,,,,,,,,,,,,,
644,2014,Thug Kitchen: The Official Cookbook: Eat Like…,"Cookbooks,Food&Wine",2014_44,,,,,,,,,,,,,,,,,,,,,
645,2014,The Alchemist,Literature&Fiction,2014_45,,,,,,,,,,,,,,,,,,,,,
646,2014,Looking for Alaska,Literature&Fiction,2014_46,,,,,,,,,,,,,,,,,,,,,
647,2014,The Great Gatsby,Literature&Fiction,2014_47,,,,,,,,,,,,,,,,,,,,,
648,2014,The Boys in the Boat: Nine Americans and Their…,History,2014_48,,,,,,,,,,,,,,,,,,,,,
649,2014,Love You Forever,Children'sBooks,2014_49,,,,,,,,,,,,,,,,,,,,,
650,2014,The Maze Runner (Book 1),Literature&Fiction,2014_50,,,,,,,,,,,,,,,,,,,,,
651,2014,Allegiant,Literature&Fiction,2014_51,,,,,,,,,,,,,,,,,,,,,
652,2014,Yes Please,Biographies&Memoirs,2014_52,,,,,,,,,,,,,,,,,,,,,
653,2014,The Five Dysfunctions of a Team: A Leadership…,Business&SelfHelp,2014_53,,,,,,,,,,,,,,,,,,,,,
654,2014,The Four Agreements: A Practical Guide to…,Religion&Spirituality,2014_54,,,,,,,,,,,,,,,,,,,,,
655,2014,The 7 Habits of Highly Effective People:…,Business&SelfHelp,2014_55,,,,,,,,,,,,,,,,,,,,,
656,2014,41: A Portrait of My Father,Biographies&Memoirs,2014_56,,,,,,,,,,,,,,,,,,,,,
657,2014,Minecraft: The Complete Handbook Collection,Reference,2014_57,,,,,,,,,,,,,,,,,,,,,
658,2014,Frozen: A Tale of Two Sisters,Literature&Fiction,2014_58,,,,,,,,,,,,,,,,,,,,,
659,2014,Rush Revere and the Brave Pilgrims: Time-Travel…,Children'sBooks,2014_59,,,,,,,,,,,,,,,,,,,,,
660,2014,The Gifts of Imperfection: Let Go of Who You…,Religion&Spirituality,2014_60,,,,,,,,,,,,,,,,,,,,,
661,2014,Divergent / Insurgent / Allegiant,Teen&Youngadult,2014_61,,,,,,,,,,,,,,,,,,,,,
662,2014,Heaven is for Real: A Little Boy's Astounding…,Religion&Spirituality,2014_62,,,,,,,,,,,,,,,,,,,,,
663,2014,Flash Boys,Business&SelfHelp,2014_63,,,,,,,,,,,,,,,,,,,,,
664,2014,Rush Revere and the American Revolution: Time…,Children'sBooks,2014_64,,,,,,,,,,,,,,,,,,,,,
665,2014,Dear Zoo: A Lift-the-Flap Book,Children'sBooks,2014_65,,,,,,,,,,,,,,,,,,,,,
666,2014,The Going-To-Bed Book,Children'sBooks,2014_66,,,,,,,,,,,,,,,,,,,,,
667,2014,The World of Ice & Fire: The Untold History of…,Literature&Fiction,2014_67,,,,,,,,,,,,,,,,,,,,,
668,2014,The Real ACT Prep Guide (Official Act Prep Guide),Reference,2014_68,,,,,,,,,,,,,,,,,,,,,
669,2014,Gray Mountain,Literature&Fiction,2014_69,,,,,,,,,,,,,,,,,,,,,
670,2014,What to Expect When You're Expecting,Parenting&Relationships,2014_70,,,,,,,,,,,,,,,,,,,,,
671,2014,The Jesus Storybook Bible: Every Story Whispers…,Religion&Spirituality,2014_71,,,,,,,,,,,,,,,,,,,,,
672,2014,"Lean In: Women, Work, and the Will to Lead",Business&SelfHelp,2014_72,,,,,,,,,,,,,,,,,,,,,
673,2014,The Invention of Wings,Literature&Fiction,2014_73,,,,,,,,,,,,,,,,,,,,,
674,2014,Lord of the Flies,Teen&Youngadult,2014_74,,,,,,,,,,,,,,,,,,,,,
675,2014,Night (Night),Biographies&Memoirs,2014_75,,,,,,,,,,,,,,,,,,,,,
676,2014,The Catcher in the Rye,Teen&Youngadult,2014_76,,,,,,,,,,,,,,,,,,,,,
677,2014,Soul Healing Miracles: Ancient and New Sacred…,Religion&Spirituality,2014_77,,,,,,,,,,,,,,,,,,,,,
678,2014,The Care and Keeping of You: The Body Book for…,Children'sBooks,2014_78,,,,,,,,,,,,,,,,,,,,,
679,2014,"The Skinnytaste Cookbook: Light on Calories, Big…","Cookbooks,Food&Wine",2014_79,,,,,,,,,,,,,,,,,,,,,
680,2014,Fahrenheit 451,Politics&SocialSciences,2014_80,,,,,,,,,,,,,,,,,,,,,
681,2014,"Goodnight, Goodnight Construction Site…",Children'sBooks,2014_81,,,,,,,,,,,,,,,,,,,,,
682,2014,Paper Towns,Literature&Fiction,2014_82,,,,,,,,,,,,,,,,,,,,,
683,2014,The Everything Kids' Science Experiments Book:…,Children'sBooks,2014_83,,,,,,,,,,,,,,,,,,,,,
684,2014,1984 (Signet Classics),Politics&SocialSciences,2014_84,,,,,,,,,,,,,,,,,,,,,
685,2014,The Outsiders,Teen&Youngadult,2014_85,,,,,,,,,,,,,,,,,,,,,
686,2014,MONEY Master the Game: 7 Simple Steps to…,Business&SelfHelp,2014_86,,,,,,,,,,,,,,,,,,,,,
687,2014,Goodnight Moon,Children'sBooks,2014_87,,,,,,,,,,,,,,,,,,,,,
688,2014,Quiet: The Power of Introverts in a World That…,Business&SelfHelp,2014_88,,,,,,,,,,,,,,,,,,,,,
689,2014,Revival,Literature&Fiction,2014_89,,,,,,,,,,,,,,,,,,,,,
690,2014,Giraffes Can't Dance,Children'sBooks,2014_90,,,,,,,,,,,,,,,,,,,,,
691,2014,Minecraft: Redstone Handbook: An Official…,Children'sBooks,2014_91,,,,,,,,,,,,,,,,,,,,,
692,2014,Of Mice and Men,Teen&Youngadult,2014_92,,,,,,,,,,,,,,,,,,,,,
693,2014,10-Day Green Smoothie Cleanse: Lose Up to 15…,"Cookbooks,Food&Wine",2014_93,,,,,,,,,,,,,,,,,,,,,
694,2014,Crucial Conversations Tools for Talking When…,Business&SelfHelp,2014_94,,,,,,,,,,,,,,,,,,,,,
695,2014,A Day in the Sun (Disney Frozen) (Pictureback(R)),Children'sBooks,2014_95,,,,,,,,,,,,,,,,,,,,,
696,2014,The Giver (Giver Quartet),Literature&Fiction,2014_96,,,,,,,,,,,,,,,,,,,,,
697,2014,Chicka Chicka Boom Boom (Board Book),Children'sBooks,2014_97,,,,,,,,,,,,,,,,,,,,,
698,2014,Against All Grain: Delectable Paleo Recipes to…,"Cookbooks,Food&Wine",2014_98,,,,,,,,,,,,,,,,,,,,,
699,2014,Minecraft: Essential Handbook,Reference,2014_99,,,,,,,,,,,,,,,,,,,,,
700,2014,Good to Great: Why Some Companies Make the…,Business&SelfHelp,2014_100,,,,,,,,,,,,,,,,,,,,,
701,2013,StrengthsFinder 2.0,Business&SelfHelp,2013_01,,,,,,,,,,,,,,,,,,,,,
702,2013,"Lean In: Women, Work, and the Will to Lead",Business&SelfHelp,2013_02,,,,,,,,,,,,,,,,,,,,,
703,2013,"Diary of a Wimpy Kid: Hard Luck, Book 8",Children'sBooks,2013_03,,,,,,,,,,,,,,,,,,,,,
704,2013,Rush Revere and the Brave Pilgrims: Time-Travel…,Children'sBooks,2013_04,,,,,,,,,,,,,,,,,,,,,
705,2013,Jesus Calling: Enjoying Peace in His Presence…,Religion&Spirituality,2013_05,,,,,,,,,,,,,,,,,,,,,
706,2013,Inferno,Literature&Fiction,2013_06,,,,,,,,,,,,,,,,,,,,,
707,2013,"The House of Hades (Heroes of Olympus, Book 4)",Children'sBooks,2013_07,,,,,,,,,,,,,,,,,,,,,
708,2013,"Things That Matter: Three Decades of Passions,…",Politics&SocialSciences,2013_08,,,,,,,,,,,,,,,,,,,,,
709,2013,The Great Gatsby,Literature&Fiction,2013_09,,,,,,,,,,,,,,,,,,,,,
710,2013,Killing Jesus (Bill O'Reilly's Killing Series),Biographies&Memoirs,2013_10,,,,,,,,,,,,,,,,,,,,,
711,2013,Proof of Heaven: A Neurosurgeon's Journey into…,Religion&Spirituality,2013_11,,,,,,,,,,,,,,,,,,,,,
712,2013,Diagnostic and Statistical Manual of Mental…,HealthFitness&Dieting,2013_12,,,,,,,,,,,,,,,,,,,,,
713,2013,The Official SAT Study Guide,Reference,2013_13,,,,,,,,,,,,,,,,,,,,,
714,2013,The Fault in Our Stars,Literature&Fiction,2013_14,,,,,,,,,,,,,,,,,,,,,
715,2013,The Book Thief,Literature&Fiction,2013_15,,,,,,,,,,,,,,,,,,,,,
716,2013,Wonder,Children'sBooks,2013_16,,,,,,,,,,,,,,,,,,,,,
717,2013,The 5 Love Languages: The Secret to Love That…,Religion&Spirituality,2013_17,,,,,,,,,,,,,,,,,,,,,
718,2013,Publication Manual of the American…,Reference,2013_18,,,,,,,,,,,,,,,,,,,,,
719,2013,Divergent,Literature&Fiction,2013_19,,,,,,,,,,,,,,,,,,,,,
720,2013,Laugh-Out-Loud Jokes for Kids,Children'sBooks,2013_20,,,,,,,,,,,,,,,,,,,,,
721,2013,"Oh, the Places You'll Go!  ",Children'sBooks,2013_21,,,,,,,,,,,,,,,,,,,,,
722,2013,"David and Goliath: Underdogs, Misfits, and the…",Politics&SocialSciences,2013_22,,,,,,,,,,,,,,,,,,,,,
723,2013,Game of Thrones Boxed Set: A Game of Thrones…,Literature&Fiction,2013_23,,,,,,,,,,,,,,,,,,,,,
724,2013,Allegiant,Literature&Fiction,2013_24,,,,,,,,,,,,,,,,,,,,,
725,2013,And the Mountains Echoed,Literature&Fiction,2013_25,,,,,,,,,,,,,,,,,,,,,
726,2013,Humans of New York,Arts&Photography,2013_26,,,,,,,,,,,,,,,,,,,,,
727,2013,The Legend of Zelda: Hyrule Historia,Comics&GraphicNovels,2013_27,,,,,,,,,,,,,,,,,,,,,
728,2013,Doctor Sleep,Literature&Fiction,2013_28,,,,,,,,,,,,,,,,,,,,,
729,2013,Knock-Knock Jokes for Kids,Children'sBooks,2013_29,,,,,,,,,,,,,,,,,,,,,
730,2013,The Goldfinch (Pulitzer Prize for Fiction),Literature&Fiction,2013_30,,,,,,,,,,,,,,,,,,,,,
731,2013,The Four Agreements: A Practical Guide to…,Religion&Spirituality,2013_31,,,,,,,,,,,,,,,,,,,,,
732,2013,Gone Girl,Literature&Fiction,2013_32,,,,,,,,,,,,,,,,,,,,,
733,2013,George Washington's Secret Six: The Spy Ring…,History,2013_33,,,,,,,,,,,,,,,,,,,,,
734,2013,Quiet: The Power of Introverts in a World That…,Business&SelfHelp,2013_34,,,,,,,,,,,,,,,,,,,,,
735,2013,"Goodnight, Goodnight Construction Site…",Children'sBooks,2013_35,,,,,,,,,,,,,,,,,,,,,
736,2013,Sycamore Row (Jake Brigance),Literature&Fiction,2013_36,,,,,,,,,,,,,,,,,,,,,
737,2013,"Wheat Belly: Lose the Wheat, Lose the Weight,…","Cookbooks,Food&Wine",2013_37,,,,,,,,,,,,,,,,,,,,,
738,2013,The Pioneer Woman Cooks: A Year of Holidays:…,"Cookbooks,Food&Wine",2013_38,,,,,,,,,,,,,,,,,,,,,
739,2013,The Day the Crayons Quit,Children'sBooks,2013_39,,,,,,,,,,,,,,,,,,,,,
740,2013,"Happy, Happy, Happy: My Life and Legacy as the…",Biographies&Memoirs,2013_40,,,,,,,,,,,,,,,,,,,,,
741,2013,The Very Hungry Caterpillar,Children'sBooks,2013_41,,,,,,,,,,,,,,,,,,,,,
742,2013,Daring Greatly: How the Courage to Be…,Business&SelfHelp,2013_42,,,,,,,,,,,,,,,,,,,,,
743,2013,The 7 Habits of Highly Effective People:…,Business&SelfHelp,2013_43,,,,,,,,,,,,,,,,,,,,,
744,2013,Joyland (Hard Case Crime),Literature&Fiction,2013_44,,,,,,,,,,,,,,,,,,,,,
745,2013,Fifty Shades of Grey: Book One of the Fifty…,Literature&Fiction,2013_45,,,,,,,,,,,,,,,,,,,,,
746,2013,Soul Healing Miracles: Ancient and New Sacred…,Religion&Spirituality,2013_46,,,,,,,,,,,,,,,,,,,,,
747,2013,Shred: The Revolutionary Diet: 6 Weeks 4 Inches…,HealthFitness&Dieting,2013_47,,,,,,,,,,,,,,,,,,,,,
748,2013,"Hyperbole and a Half: Unfortunate Situations,…",Literature&Fiction,2013_48,,,,,,,,,,,,,,,,,,,,,
749,2013,To Kill a Mockingbird,Teen&Youngadult,2013_49,,,,,,,,,,,,,,,,,,,,,
750,2013,The Five Dysfunctions of a Team: A Leadership…,Business&SelfHelp,2013_50,,,,,,,,,,,,,,,,,,,,,
751,2013,"Unbroken: A World War II Story of Survival,…",History,2013_51,,,,,,,,,,,,,,,,,,,,,
752,2013,Ender's Game (The Ender Quintet),Literature&Fiction,2013_52,,,,,,,,,,,,,,,,,,,,,
753,2013,The Gifts of Imperfection: Let Go of Who You…,Religion&Spirituality,2013_53,,,,,,,,,,,,,,,,,,,,,
754,2013,"The Cuckoo's Calling (A Cormoran Strike Novel, 1)",Literature&Fiction,2013_54,,,,,,,,,,,,,,,,,,,,,
755,2013,What to Expect When You're Expecting,Parenting&Relationships,2013_55,,,,,,,,,,,,,,,,,,,,,
756,2013,America the Beautiful: Rediscovering What Made…,Politics&SocialSciences,2013_56,,,,,,,,,,,,,,,,,,,,,
757,2013,The Liberty Amendments: Restoring the…,Politics&SocialSciences,2013_57,,,,,,,,,,,,,,,,,,,,,
758,2013,ZEALOT: The Life and Times of Jesus of Nazareth,Religion&Spirituality,2013_58,,,,,,,,,,,,,,,,,,,,,
759,2013,The One and Only Ivan,Children'sBooks,2013_59,,,,,,,,,,,,,,,,,,,,,
760,2013,Good to Great: Why Some Companies Make the…,Business&SelfHelp,2013_60,,,,,,,,,,,,,,,,,,,,,
761,2013,SI-COLOGY 1: Tales and Wisdom from Duck…,Biographies&Memoirs,2013_61,,,,,,,,,,,,,,,,,,,,,
762,2013,"IT'S ALL GOOD: Delicious, Easy Recipes That Will…","Cookbooks,Food&Wine",2013_62,,,,,,,,,,,,,,,,,,,,,
763,2013,Outliers: The Story of Success,Business&SelfHelp,2013_63,,,,,,,,,,,,,,,,,,,,,
764,2013,Jerusalem: A Cookbook,"Cookbooks,Food&Wine",2013_64,,,,,,,,,,,,,,,,,,,,,
765,2013,"Becoming a Supple Leopard: Movement,…",HealthFitness&Dieting,2013_65,,,,,,,,,,,,,,,,,,,,,
766,2013,"Grain Brain: The Surprising Truth about Wheat,…",HealthFitness&Dieting,2013_66,,,,,,,,,,,,,,,,,,,,,
767,2013,Looking for Alaska,Literature&Fiction,2013_67,,,,,,,,,,,,,,,,,,,,,
768,2013,I Am Malala: The Girl Who Stood Up for…,Biographies&Memoirs,2013_68,,,,,,,,,,,,,,,,,,,,,
769,2013,Love You Forever,Children'sBooks,2013_69,,,,,,,,,,,,,,,,,,,,,
770,2013,The Perks of Being a Wallflower,Literature&Fiction,2013_70,,,,,,,,,,,,,,,,,,,,,
771,2013,Practical Paleo: A Customized Approach to…,"Cookbooks,Food&Wine",2013_71,,,,,,,,,,,,,,,,,,,,,
772,2013,Fifty Shades Trilogy (Fifty Shades of Grey / Fifty…,Literature&Fiction,2013_72,,,,,,,,,,,,,,,,,,,,,
773,2013,"The FastDiet: Lose Weight, Stay Healthy, and Live…",HealthFitness&Dieting,2013_73,,,,,,,,,,,,,,,,,,,,,
774,2013,The Jesus Storybook Bible: Every Story Whispers…,Religion&Spirituality,2013_74,,,,,,,,,,,,,,,,,,,,,
775,2013,Divergent / Insurgent,Literature&Fiction,2013_75,,,,,,,,,,,,,,,,,,,,,
776,2013,How to Win Friends & Influence People,Business&SelfHelp,2013_76,,,,,,,,,,,,,,,,,,,,,
777,2013,"The Bully Pulpit: Theodore Roosevelt, William…",Politics&SocialSciences,2013_77,,,,,,,,,,,,,,,,,,,,,
778,2013,The Hunger Games (Book 1),Teen&Youngadult,2013_78,,,,,,,,,,,,,,,,,,,,,
779,2013,ObamaCare Survival Guide: The Affordable Care…,Reference,2013_79,,,,,,,,,,,,,,,,,,,,,
780,2013,The Harbinger: The Ancient Mystery that Holds…,Religion&Spirituality,2013_80,,,,,,,,,,,,,,,,,,,,,
781,2013,The Immortal Life of Henrietta Lacks,MedicalBooks,2013_81,,,,,,,,,,,,,,,,,,,,,
782,2013,Night (Night),Biographies&Memoirs,2013_82,,,,,,,,,,,,,,,,,,,,,
783,2013,Fifty Shades Darker,Literature&Fiction,2013_83,,,,,,,,,,,,,,,,,,,,,
784,2013,Eat to Live: The Amazing Nutrient-Rich Program…,HealthFitness&Dieting,2013_84,,,,,,,,,,,,,,,,,,,,,
785,2013,Forks Over Knives―The Cookbook: Over 300…,"Cookbooks,Food&Wine",2013_85,,,,,,,,,,,,,,,,,,,,,
786,2013,Fifty Shades Freed: Book Three of the Fifty…,Literature&Fiction,2013_86,,,,,,,,,,,,,,,,,,,,,
787,2013,The Alchemist,Literature&Fiction,2013_87,,,,,,,,,,,,,,,,,,,,,
788,2013,The Catcher in the Rye,Teen&Youngadult,2013_88,,,,,,,,,,,,,,,,,,,,,
789,2013,Mindset: The New Psychology of Success,Business&SelfHelp,2013_89,,,,,,,,,,,,,,,,,,,,,
790,2013,Wheat Belly Cookbook: 150 Recipes to Help You…,"Cookbooks,Food&Wine",2013_90,,,,,,,,,,,,,,,,,,,,,
791,2013,MyMathLab: Student Access Kit,Science&Math,2013_91,,,,,,,,,,,,,,,,,,,,,
792,2013,The Care and Keeping of You: The Body Book for…,Children'sBooks,2013_92,,,,,,,,,,,,,,,,,,,,,
793,2013,The Power of Habit: Why We Do What We Do in…,Business&SelfHelp,2013_93,,,,,,,,,,,,,,,,,,,,,
794,2013,The Reason I Jump: The Inner Voice of a Thirteen…,Biographies&Memoirs,2013_94,,,,,,,,,,,,,,,,,,,,,
795,2013,"Strengths Based Leadership: Great Leaders,…",Business&SelfHelp,2013_95,,,,,,,,,,,,,,,,,,,,,
796,2013,Kaplan GRE Premier 2014 with 6 Practice Tests:…,Reference,2013_96,,,,,,,,,,,,,,,,,,,,,
797,2013,The Longest Ride,Literature&Fiction,2013_97,,,,,,,,,,,,,,,,,,,,,
798,2013,Life Code: The New Rules for Winning in the Real…,Business&SelfHelp,2013_98,,,,,,,,,,,,,,,,,,,,,
799,2013,The Lego Ideas Book: Unlock Your Imagination,Children'sBooks,2013_99,,,,,,,,,,,,,,,,,,,,,
800,2013,"A Memory of Light (Wheel of Time, Book 14)…",Literature&Fiction,2013_100,,,,,,,,,,,,,,,,,,,,,
801,2012,Fifty Shades of Grey: Book One of the Fifty…,Literature&Fiction,2012_01,,,,,,,,,,,,,,,,,,,,,
802,2012,Fifty Shades Darker,Literature&Fiction,2012_02,,,,,,,,,,,,,,,,,,,,,
803,2012,Fifty Shades Freed: Book Three of the Fifty…,Literature&Fiction,2012_03,,,,,,,,,,,,,,,,,,,,,
804,2012,The Hunger Games (Book 1),Teen&Youngadult,2012_04,,,,,,,,,,,,,,,,,,,,,
805,2012,StrengthsFinder 2.0,Business&SelfHelp,2012_05,,,,,,,,,,,,,,,,,,,,,
806,2012,Fifty Shades Trilogy (Fifty Shades of Grey / Fifty…,Literature&Fiction,2012_06,,,,,,,,,,,,,,,,,,,,,
807,2012,Catching Fire (The Hunger Games),Literature&Fiction,2012_07,,,,,,,,,,,,,,,,,,,,,
808,2012,Mockingjay (The Hunger Games),Literature&Fiction,2012_08,,,,,,,,,,,,,,,,,,,,,
809,2012,"The Third Wheel (Diary of a Wimpy Kid, Book 7)",Children'sBooks,2012_09,,,,,,,,,,,,,,,,,,,,,
810,2012,No Easy Day: The Autobiography of a Navy Seal:…,Biographies&Memoirs,2012_10,,,,,,,,,,,,,,,,,,,,,
811,2012,The Hunger Games Trilogy Boxed Set (1),Literature&Fiction,2012_11,,,,,,,,,,,,,,,,,,,,,
812,2012,Gone Girl,Literature&Fiction,2012_12,,,,,,,,,,,,,,,,,,,,,
813,2012,"The Mark of Athena (Heroes of Olympus, Book 3)",Children'sBooks,2012_13,,,,,,,,,,,,,,,,,,,,,
814,2012,The Official SAT Study Guide,Reference,2012_14,,,,,,,,,,,,,,,,,,,,,
815,2012,Game of Thrones Boxed Set: A Game of Thrones…,Literature&Fiction,2012_15,,,,,,,,,,,,,,,,,,,,,
816,2012,Killing Kennedy: The End of Camelot,Biographies&Memoirs,2012_16,,,,,,,,,,,,,,,,,,,,,
817,2012,Publication Manual of the American…,Reference,2012_17,,,,,,,,,,,,,,,,,,,,,
818,2012,Killing Lincoln: The Shocking Assassination that…,Biographies&Memoirs,2012_18,,,,,,,,,,,,,,,,,,,,,
819,2012,"Unbroken: A World War II Story of Survival,…",History,2012_19,,,,,,,,,,,,,,,,,,,,,
820,2012,Proof of Heaven: A Neurosurgeon's Journey into…,Religion&Spirituality,2012_20,,,,,,,,,,,,,,,,,,,,,
821,2012,The 5 Love Languages: The Secret to Love That…,Religion&Spirituality,2012_21,,,,,,,,,,,,,,,,,,,,,
822,2012,Barefoot Contessa Foolproof: Recipes You Can…,"Cookbooks,Food&Wine",2012_22,,,,,,,,,,,,,,,,,,,,,
823,2012,"Thinking, Fast and Slow",Business&SelfHelp,2012_23,,,,,,,,,,,,,,,,,,,,,
824,2012,The Casual Vacancy,Literature&Fiction,2012_24,,,,,,,,,,,,,,,,,,,,,
825,2012,The Harbinger: The Ancient Mystery that Holds…,Religion&Spirituality,2012_25,,,,,,,,,,,,,,,,,,,,,
826,2012,The Power of Habit: Why We Do What We Do in…,Business&SelfHelp,2012_26,,,,,,,,,,,,,,,,,,,,,
827,2012,Steve Jobs,Biographies&Memoirs,2012_27,,,,,,,,,,,,,,,,,,,,,
828,2012,"Wheat Belly: Lose the Wheat, Lose the Weight,…","Cookbooks,Food&Wine",2012_28,,,,,,,,,,,,,,,,,,,,,
829,2012,"Oh, the Places You'll Go!  ",Children'sBooks,2012_29,,,,,,,,,,,,,,,,,,,,,
830,2012,The 7 Habits of Highly Effective People:…,Business&SelfHelp,2012_30,,,,,,,,,,,,,,,,,,,,,
831,2012,The Five Dysfunctions of a Team: A Leadership…,Business&SelfHelp,2012_31,,,,,,,,,,,,,,,,,,,,,
832,2012,Quiet: The Power of Introverts in a World That…,Business&SelfHelp,2012_32,,,,,,,,,,,,,,,,,,,,,
833,2012,The Great Gatsby,Literature&Fiction,2012_33,,,,,,,,,,,,,,,,,,,,,
834,2012,The Racketeer,Literature&Fiction,2012_34,,,,,,,,,,,,,,,,,,,,,
835,2012,The Blood Sugar Solution: The UltraHealthy…,HealthFitness&Dieting,2012_35,,,,,,,,,,,,,,,,,,,,,
836,2012,"Goodnight, Goodnight Construction Site…",Children'sBooks,2012_36,,,,,,,,,,,,,,,,,,,,,
837,2012,The Immortal Life of Henrietta Lacks,MedicalBooks,2012_37,,,,,,,,,,,,,,,,,,,,,
838,2012,The Fault in Our Stars,Literature&Fiction,2012_38,,,,,,,,,,,,,,,,,,,,,
839,2012,"The Serpent's Shadow (The Kane Chronicles,…",Teen&Youngadult,2012_39,,,,,,,,,,,,,,,,,,,,,
840,2012,One Thousand Gifts: A Dare to Live Fully Right…,Religion&Spirituality,2012_40,,,,,,,,,,,,,,,,,,,,,
841,2012,Wild: From Lost to Found on the Pacific Crest Trail,Biographies&Memoirs,2012_41,,,,,,,,,,,,,,,,,,,,,
842,2012,Winter of the World: Book Two of the Century…,Literature&Fiction,2012_42,,,,,,,,,,,,,,,,,,,,,
843,2012,The Pioneer Woman Cooks: Food from My Frontier,"Cookbooks,Food&Wine",2012_43,,,,,,,,,,,,,,,,,,,,,
844,2012,The Lego Ideas Book: Unlock Your Imagination,Children'sBooks,2012_44,,,,,,,,,,,,,,,,,,,,,
845,2012,Heaven is for Real: A Little Boy's Astounding…,Religion&Spirituality,2012_45,,,,,,,,,,,,,,,,,,,,,
846,2012,Jesus Calling: Enjoying Peace in His Presence…,Religion&Spirituality,2012_46,,,,,,,,,,,,,,,,,,,,,
847,2012,Eat to Live: The Amazing Nutrient-Rich Program…,HealthFitness&Dieting,2012_47,,,,,,,,,,,,,,,,,,,,,
848,2012,Thomas Jefferson: The Art of Power,Biographies&Memoirs,2012_48,,,,,,,,,,,,,,,,,,,,,
849,2012,Good to Great: Why Some Companies Make the…,Business&SelfHelp,2012_49,,,,,,,,,,,,,,,,,,,,,
850,2012,The Amateur,Politics&SocialSciences,2012_50,,,,,,,,,,,,,,,,,,,,,
851,2012,The Smitten Kitchen Cookbook: Recipes and…,"Cookbooks,Food&Wine",2012_51,,,,,,,,,,,,,,,,,,,,,
852,2012,What to Expect When You're Expecting,Parenting&Relationships,2012_52,,,,,,,,,,,,,,,,,,,,,
853,2012,The Walking Dead: Compendium One,Literature&Fiction,2012_53,,,,,,,,,,,,,,,,,,,,,
854,2012,The Signal and the Noise: Why So Many…,Business&SelfHelp,2012_54,,,,,,,,,,,,,,,,,,,,,
855,2012,How to Tell If Your Cat Is Plotting to Kill You…,Literature&Fiction,2012_55,,,,,,,,,,,,,,,,,,,,,
856,2012,A Dance with Dragons (A Song of Ice and Fire),Literature&Fiction,2012_56,,,,,,,,,,,,,,,,,,,,,
857,2012,America Again: Re-becoming the Greatness We…,Politics&SocialSciences,2012_57,,,,,,,,,,,,,,,,,,,,,
858,2012,LEGO NINJAGO: Character Encyclopedia,Children'sBooks,2012_58,,,,,,,,,,,,,,,,,,,,,
859,2012,American Sniper: The Autobiography of the Most…,Biographies&Memoirs,2012_59,,,,,,,,,,,,,,,,,,,,,
860,2012,Outliers: The Story of Success,Business&SelfHelp,2012_60,,,,,,,,,,,,,,,,,,,,,
861,2012,Teach Like a Champion: 49 Techniques that Put…,Eduation&Teaching,2012_61,,,,,,,,,,,,,,,,,,,,,
862,2012,Bared to You,Literature&Fiction,2012_62,,,,,,,,,,,,,,,,,,,,,
863,2012,The Four Agreements: A Practical Guide to…,Religion&Spirituality,2012_63,,,,,,,,,,,,,,,,,,,,,
864,2012,"Strengths Based Leadership: Great Leaders,…",Business&SelfHelp,2012_64,,,,,,,,,,,,,,,,,,,,,
865,2012,The 17 Day Diet: A Doctor's Plan Designed for…,HealthFitness&Dieting,2012_65,,,,,,,,,,,,,,,,,,,,,
866,2012,Crazy Love: Overwhelmed by a Relentless God,Religion&Spirituality,2012_66,,,,,,,,,,,,,,,,,,,,,
867,2012,Go the F**k to Sleep,Literature&Fiction,2012_67,,,,,,,,,,,,,,,,,,,,,
868,2012,Bring Up the Bodies,Biographies&Memoirs,2012_68,,,,,,,,,,,,,,,,,,,,,
869,2012,"Great by Choice: Uncertainty, Chaos, and Luck…",Business&SelfHelp,2012_69,,,,,,,,,,,,,,,,,,,,,
870,2012,Eat to Live: The Amazing Nutrient-Rich Program…,HealthFitness&Dieting,2012_70,,,,,,,,,,,,,,,,,,,,,
871,2012,"Reflected in You (Crossfire, Book 2)",Literature&Fiction,2012_71,,,,,,,,,,,,,,,,,,,,,
872,2012,Who Moved My Cheese,Business&SelfHelp,2012_72,,,,,,,,,,,,,,,,,,,,,
873,2012,The Book Thief,Literature&Fiction,2012_73,,,,,,,,,,,,,,,,,,,,,
874,2012,A Guide to the Project Management Body of…,Business&SelfHelp,2012_74,,,,,,,,,,,,,,,,,,,,,
875,2012,"Behind the Beautiful Forevers: Life, Death, and…",History,2012_75,,,,,,,,,,,,,,,,,,,,,
876,2012,"Deadlocked (Sookie Stackhouse/True Blood,…",Literature&Fiction,2012_76,,,,,,,,,,,,,,,,,,,,,
877,2012,Crucial Conversations Tools for Talking When…,Business&SelfHelp,2012_77,,,,,,,,,,,,,,,,,,,,,
878,2012,Forks Over Knives: The Plant-Based Way to Health,"Cookbooks,Food&Wine",2012_78,,,,,,,,,,,,,,,,,,,,,
879,2012,The Jesus Storybook Bible: Every Story Whispers…,Religion&Spirituality,2012_79,,,,,,,,,,,,,,,,,,,,,
880,2012,Notorious Nineteen: A Stephanie Plum Novel,Literature&Fiction,2012_80,,,,,,,,,,,,,,,,,,,,,
881,2012,The 4-Hour Chef: The Simple Path to Cooking…,"Cookbooks,Food&Wine",2012_81,,,,,,,,,,,,,,,,,,,,,
882,2012,Cloud Atlas,Literature&Fiction,2012_82,,,,,,,,,,,,,,,,,,,,,
883,2012,The Alchemist,Literature&Fiction,2012_83,,,,,,,,,,,,,,,,,,,,,
884,2012,The Hunger Games,Literature&Fiction,2012_84,,,,,,,,,,,,,,,,,,,,,
885,2012,"Help, Thanks, Wow: The Three Essential Prayers",Religion&Spirituality,2012_85,,,,,,,,,,,,,,,,,,,,,
886,2012,Wonder,Children'sBooks,2012_86,,,,,,,,,,,,,,,,,,,,,
887,2012,"Stop Living In This Land, Go To The Everlasting…",#N/A,2012_87,Under50Review,,,,,,,,,,,,,,,,,,,,
888,2012,To Heaven and Back: A Doctor's Extraordinary…,Religion&Spirituality,2012_88,,,,,,,,,,,,,,,,,,,,,
889,2012,Forks Over Knives―The Cookbook: Over 300…,"Cookbooks,Food&Wine",2012_89,,,,,,,,,,,,,,,,,,,,,
890,2012,Catching Fire (Hunger Games),#N/A,2012_90,,,,,,,,,,,,,,,,,,,,,
891,2012,"A Memory of Light (Wheel of Time, Book 14)…",Literature&Fiction,2012_91,,,,,,,,,,,,,,,,,,,,,
892,2012,"Cabin Fever (Diary of a Wimpy Kid, Book 6)",Children'sBooks,2012_92,,,,,,,,,,,,,,,,,,,,,
893,2012,The 7 Habits of Highly Effective Teens: The…,Business&SelfHelp,2012_93,,,,,,,,,,,,,,,,,,,,,
894,2012,The Passage of Power: The Years of Lyndon…,History,2012_94,,,,,,,,,,,,,,,,,,,,,
895,2012,The Pioneer Woman Cooks: Recipes from an…,"Cookbooks,Food&Wine",2012_95,,,,,,,,,,,,,,,,,,,,,
896,2012,Divine Healing Hands: Experience Divine Power…,Religion&Spirituality,2012_96,,,,,,,,,,,,,,,,,,,,,
897,2012,The China Study: The Most Comprehensive Study…,HealthFitness&Dieting,2012_97,,,,,,,,,,,,,,,,,,,,,
898,2012,N/A,#N/A,2012_98,NoData,,,,,,,,,,,,,,,,,,,,
899,2012,The Meaning of Marriage: Facing the…,Religion&Spirituality,2012_99,,,,,,,,,,,,,,,,,,,,,
900,2012,Night (Night),Biographies&Memoirs,2012_100,,,,,,,,,,,,,,,,,,,,,
901,2011,Steve Jobs,Biographies&Memoirs,2011_01,,,,,,,,,,,,,,,,,,,,,
902,2011,Heaven is for Real: A Little Boy's Astounding…,Religion&Spirituality,2011_02,,,,,,,,,,,,,,,,,,,,,
903,2011,"Cabin Fever (Diary of a Wimpy Kid, Book 6)",Children'sBooks,2011_03,,,,,,,,,,,,,,,,,,,,,
904,2011,StrengthsFinder 2.0,Business&SelfHelp,2011_04,,,,,,,,,,,,,,,,,,,,,
905,2011,The Hunger Games (Book 1),Teen&Youngadult,2011_05,,,,,,,,,,,,,,,,,,,,,
906,2011,"Unbroken: A World War II Story of Survival,…",History,2011_06,,,,,,,,,,,,,,,,,,,,,
907,2011,Inheritance: Book IV (Inheritance Cycle),Teen&Youngadult,2011_07,,,,,,,,,,,,,,,,,,,,,
908,2011,Go the F**k to Sleep,Literature&Fiction,2011_08,,,,,,,,,,,,,,,,,,,,,
909,2011,Mockingjay (The Hunger Games),Literature&Fiction,2011_09,,,,,,,,,,,,,,,,,,,,,
910,2011,Game of Thrones Boxed Set: A Game of Thrones…,Literature&Fiction,2011_10,,,,,,,,,,,,,,,,,,,,,
911,2011,Catching Fire (The Hunger Games),Literature&Fiction,2011_11,,,,,,,,,,,,,,,,,,,,,
912,2011,The 17 Day Diet: A Doctor's Plan Designed for…,HealthFitness&Dieting,2011_12,,,,,,,,,,,,,,,,,,,,,
913,2011,A Dance with Dragons (A Song of Ice and Fire),Literature&Fiction,2011_13,,,,,,,,,,,,,,,,,,,,,
914,2011,"The Son of Neptune (Heroes of Olympus, Book 2)",Teen&Youngadult,2011_14,,,,,,,,,,,,,,,,,,,,,
915,2011,Killing Lincoln: The Shocking Assassination that…,Biographies&Memoirs,2011_15,,,,,,,,,,,,,,,,,,,,,
916,2011,Publication Manual of the American…,Reference,2011_16,,,,,,,,,,,,,,,,,,,,,
917,2011,The Help,Literature&Fiction,2011_17,,,,,,,,,,,,,,,,,,,,,
918,2011,The Immortal Life of Henrietta Lacks,MedicalBooks,2011_18,,,,,,,,,,,,,,,,,,,,,
919,2011,11/22/63,Literature&Fiction,2011_19,,,,,,,,,,,,,,,,,,,,,
920,2011,The Official SAT Study Guide,Reference,2011_20,,,,,,,,,,,,,,,,,,,,,
921,2011,Jesus Calling: Enjoying Peace in His Presence…,Religion&Spirituality,2011_21,,,,,,,,,,,,,,,,,,,,,
922,2011,The Hunger Games Trilogy Boxed Set (1),Literature&Fiction,2011_22,,,,,,,,,,,,,,,,,,,,,
923,2011,Cutting for Stone,Travel,2011_23,,,,,,,,,,,,,,,,,,,,,
924,2011,Tina Fey: Bossypants,Biographies&Memoirs,2011_24,,,,,,,,,,,,,,,,,,,,,
925,2011,The 4 Hour Body: An Uncommon Guide to Rapid…,HealthFitness&Dieting,2011_25,,,,,,,,,,,,,,,,,,,,,
926,2011,"In the Garden of Beasts: Love, Terror, and an…",Biographies&Memoirs,2011_26,,,,,,,,,,,,,,,,,,,,,
927,2011,The 5 Love Languages: The Secret to Love That…,Religion&Spirituality,2011_27,,,,,,,,,,,,,,,,,,,,,
928,2011,Crazy Love: Overwhelmed by a Relentless God,Religion&Spirituality,2011_28,,,,,,,,,,,,,,,,,,,,,
929,2011,A Stolen Life: A Memoir,Biographies&Memoirs,2011_29,,,,,,,,,,,,,,,,,,,,,
930,2011,The Girl Who Kicked the Hornet's Nest…,Literature&Fiction,2011_30,,,,,,,,,,,,,,,,,,,,,
931,2011,Water for Elephants,Literature&Fiction,2011_31,,,,,,,,,,,,,,,,,,,,,
932,2011,The Five Dysfunctions of a Team: A Leadership…,Business&SelfHelp,2011_32,,,,,,,,,,,,,,,,,,,,,
933,2011,The Lego Ideas Book: Unlock Your Imagination,Children'sBooks,2011_33,,,,,,,,,,,,,,,,,,,,,
934,2011,One Thousand Gifts: A Dare to Live Fully Right…,Religion&Spirituality,2011_34,,,,,,,,,,,,,,,,,,,,,
935,2011,The 7 Habits of Highly Effective People:…,Business&SelfHelp,2011_35,,,,,,,,,,,,,,,,,,,,,
936,2011,"The Dukan Diet: 2 Steps to Lose the Weight, 2…",HealthFitness&Dieting,2011_36,,,,,,,,,,,,,,,,,,,,,
937,2011,"The Throne of Fire (The Kane Chronicles, Book 2)",Literature&Fiction,2011_37,,,,,,,,,,,,,,,,,,,,,
938,2011,"Dead Reckoning (Sookie Stackhouse/True Blood,…",Literature&Fiction,2011_38,,,,,,,,,,,,,,,,,,,,,
939,2011,Good to Great: Why Some Companies Make the…,Business&SelfHelp,2011_39,,,,,,,,,,,,,,,,,,,,,
940,2011,The Litigators,Literature&Fiction,2011_40,,,,,,,,,,,,,,,,,,,,,
941,2011,"Love Wins: A Book About Heaven, Hell, and the…",Religion&Spirituality,2011_41,,,,,,,,,,,,,,,,,,,,,
942,2011,The Help,Literature&Fiction,2011_42,,,,,,,,,,,,,,,,,,,,,
943,2011,"Thinking, Fast and Slow",Business&SelfHelp,2011_43,,,,,,,,,,,,,,,,,,,,,
944,2011,The Paris Wife,Literature&Fiction,2011_44,,,,,,,,,,,,,,,,,,,,,
945,2011,Radical: Taking Back Your Faith from the…,Religion&Spirituality,2011_45,,,,,,,,,,,,,,,,,,,,,
946,2011,The Art of Racing in the Rain,Literature&Fiction,2011_46,,,,,,,,,,,,,,,,,,,,,
947,2011,Teach Like a Champion: 49 Techniques that Put…,Eduation&Teaching,2011_47,,,,,,,,,,,,,,,,,,,,,
948,2011,Eat to Live: The Amazing Nutrient-Rich Program…,HealthFitness&Dieting,2011_48,,,,,,,,,,,,,,,,,,,,,
949,2011,The China Study: The Most Comprehensive Study…,HealthFitness&Dieting,2011_49,,,,,,,,,,,,,,,,,,,,,
950,2011,What to Expect When You're Expecting,Parenting&Relationships,2011_50,,,,,,,,,,,,,,,,,,,,,
951,2011,The Best of Me,Literature&Fiction,2011_51,,,,,,,,,,,,,,,,,,,,,
952,2011,Jacqueline Kennedy: Historic Conversations on…,Biographies&Memoirs,2011_52,,,,,,,,,,,,,,,,,,,,,
953,2011,The Girl with the Dragon Tattoo (Millennium…,Literature&Fiction,2011_53,,,,,,,,,,,,,,,,,,,,,
954,2011,The Greater Journey: Americans in Paris,Biographies&Memoirs,2011_54,,,,,,,,,,,,,,,,,,,,,
955,2011,Switch: How to Change Things When Change Is…,Business&SelfHelp,2011_55,,,,,,,,,,,,,,,,,,,,,
956,2011,Every Thing On It,Children'sBooks,2011_56,,,,,,,,,,,,,,,,,,,,,
957,2011,Miss Peregrine's Home for Peculiar Children,Teen&Youngadult,2011_57,,,,,,,,,,,,,,,,,,,,,
958,2011,Moonwalking With Einstein: The Art and Science…,Business&SelfHelp,2011_58,,,,,,,,,,,,,,,,,,,,,
959,2011,The Great Gatsby,Literature&Fiction,2011_59,,,,,,,,,,,,,,,,,,,,,
960,2011,The Help,Literature&Fiction,2011_60,,,,,,,,,,,,,,,,,,,,,
961,2011,1Q84,Literature&Fiction,2011_61,,,,,,,,,,,,,,,,,,,,,
962,2011,Boomerang: Travels in the New Third World,Politics&SocialSciences,2011_62,,,,,,,,,,,,,,,,,,,,,
963,2011,Who Moved My Cheese,Business&SelfHelp,2011_63,,,,,,,,,,,,,,,,,,,,,
964,2011,"Strengths Based Leadership: Great Leaders,…",Business&SelfHelp,2011_64,,,,,,,,,,,,,,,,,,,,,
965,2011,Elder Scrolls V: Skyrim: Prima Official Game Guide,Reference,2011_65,,,,,,,,,,,,,,,,,,,,,
966,2011,N/A,#N/A,2011_66,NoData,,,,,,,,,,,,,,,,,,,,
967,2011,The Book Thief,Literature&Fiction,2011_67,,,,,,,,,,,,,,,,,,,,,
968,2011,"The 4-Hour Workweek: Escape 9-5, Live…",Business&SelfHelp,2011_68,,,,,,,,,,,,,,,,,,,,,
969,2011,"Oh, the Places You'll Go!  ",Children'sBooks,2011_69,,,,,,,,,,,,,,,,,,,,,
970,2011,Through My Eyes,Biographies&Memoirs,2011_70,,,,,,,,,,,,,,,,,,,,,
971,2011,The Land of Painted Caves (Earth's…,Literature&Fiction,2011_71,,,,,,,,,,,,,,,,,,,,,
972,2011,"The Social Animal: The Hidden Sources of Love,…",Politics&SocialSciences,2011_72,,,,,,,,,,,,,,,,,,,,,
973,2011,A Guide to the Project Management Body of…,Business&SelfHelp,2011_73,,,,,,,,,,,,,,,,,,,,,
974,2011,Guinness World Records 2012,Children'sBooks,2011_74,,,,,,,,,,,,,,,,,,,,,
975,2011,State of Wonder,Literature&Fiction,2011_75,,,,,,,,,,,,,,,,,,,,,
976,2011,A Visit from the Goon Squad,Literature&Fiction,2011_76,,,,,,,,,,,,,,,,,,,,,
977,2011,Prevent and Reverse Heart Disease: The…,HealthFitness&Dieting,2011_77,,,,,,,,,,,,,,,,,,,,,
978,2011,Harry Potter Paperback Box Set (Books 1-7),Teen&Youngadult,2011_78,,,,,,,,,,,,,,,,,,,,,
979,2011,Explosive Eighteen: A Stephanie Plum Novel…,Literature&Fiction,2011_79,,,,,,,,,,,,,,,,,,,,,
980,2011,The 7 Habits of Highly Effective Teens: The…,Business&SelfHelp,2011_80,,,,,,,,,,,,,,,,,,,,,
981,2011,"Delivering Happiness: A Path to Profits, Passion,…",Business&SelfHelp,2011_81,,,,,,,,,,,,,,,,,,,,,
982,2011,"The Lost Hero (Heroes of Olympus, Book 1)",Teen&Youngadult,2011_82,,,,,,,,,,,,,,,,,,,,,
983,2011,Room,Literature&Fiction,2011_83,,,,,,,,,,,,,,,,,,,,,
984,2011,Hotel on the Corner of Bitter and Sweet,Literature&Fiction,2011_84,,,,,,,,,,,,,,,,,,,,,
985,2011,The Tipping Point: How Little Things Can Make a…,Business&SelfHelp,2011_85,,,,,,,,,,,,,,,,,,,,,
986,2011,Emotional Intelligence 2.0,Business&SelfHelp,2011_86,,,,,,,,,,,,,,,,,,,,,
987,2011,Outliers: The Story of Success,Business&SelfHelp,2011_87,,,,,,,,,,,,,,,,,,,,,
988,2011,Forks Over Knives: The Plant-Based Way to Health,"Cookbooks,Food&Wine",2011_88,,,,,,,,,,,,,,,,,,,,,
989,2011,The Girl Who Played with Fire (Millennium Series),Literature&Fiction,2011_89,,,,,,,,,,,,,,,,,,,,,
990,2011,"Hungry Girl 300 Under 300: 300 Breakfast,…","Cookbooks,Food&Wine",2011_90,,,,,,,,,,,,,,,,,,,,,
991,2011,The Alchemist,Literature&Fiction,2011_91,,,,,,,,,,,,,,,,,,,,,
992,2011,Getting Things Done: The Art of Stress-Free…,Business&SelfHelp,2011_92,,,,,,,,,,,,,,,,,,,,,
993,2011,The Invention of Hugo Cabret,Children'sBooks,2011_93,,,,,,,,,,,,,,,,,,,,,
994,2011,"Now, Discover Your Strengths",Business&SelfHelp,2011_94,,,,,,,,,,,,,,,,,,,,,
995,2011,Drive: The Surprising Truth About What…,Business&SelfHelp,2011_95,,,,,,,,,,,,,,,,,,,,,
996,2011,Smokin' Seventeen (Stephanie Plum),Literature&Fiction,2011_96,,,,,,,,,,,,,,,,,,,,,
997,2011,"Moleskine Classic Notebook, Hard Cover, Large (5\ x 8.25\) Ruled/Lined, Black, 240 Pages",N/A,2011_97,NonBook,,,,,,,,,,,,,,,,,,,,
998,2011,The Big Short: Inside the Doomsday Machine,Politics&SocialSciences,2011_98,,,,,,,,,,,,,,,,,,,,,
999,2011,"Born to Run: A Hidden Tribe, Superathletes, and…",HealthFitness&Dieting,2011_99,,,,,,,,,,,,,,,,,,,,,
1000,2011,The Official Guide for GMAT Review,Reference,2011_100,,,,,,,,,,,,,,,,,,,,,